id,lane,status,category,subject,path,line,risk,loc,bytes,evidence,proof,expected
NUM-001,Numbers,UNPROVEN,potential-index-boundary,potential-index-boundary at app/elements/element-showroom.tsx:32,app/elements/element-showroom.tsx,32,medium,0,0,An indexed read or write may need integer and bounds evidence.,Syntax discovery only; numeric range or behavioral proof is required.,
NUM-002,Numbers,UNPROVEN,potential-index-boundary,potential-index-boundary at app/elements/element-showroom.tsx:52,app/elements/element-showroom.tsx,52,medium,0,0,An indexed read or write may need integer and bounds evidence.,Syntax discovery only; numeric range or behavioral proof is required.,
NUM-003,Numbers,UNPROVEN,potential-index-boundary,potential-index-boundary at app/elements/page.tsx:16,app/elements/page.tsx,16,medium,0,0,An indexed read or write may need integer and bounds evidence.,Syntax discovery only; numeric range or behavioral proof is required.,
NUM-005,Numbers,UNPROVEN,potential-index-boundary,potential-index-boundary at app/kit/component-preview.tsx:298,app/kit/component-preview.tsx,298,medium,0,0,An indexed read or write may need integer and bounds evidence.,Syntax discovery only; numeric range or behavioral proof is required.,
NUM-006,Numbers,UNPROVEN,potential-zero-divisor,potential-zero-divisor at app/kit/component-preview.tsx:324,app/kit/component-preview.tsx,324,medium,0,0,Division or remainder depends on a value whose zero/non-finite range should be established.,Syntax discovery only; numeric range or behavioral proof is required.,
NUM-008,Numbers,UNPROVEN,potential-index-boundary,potential-index-boundary at app/kit/jade/jade-experience.tsx:241,app/kit/jade/jade-experience.tsx,241,medium,0,0,An indexed read or write may need integer and bounds evidence.,Syntax discovery only; numeric range or behavioral proof is required.,
NUM-007,Numbers,UNPROVEN,potential-index-boundary,potential-index-boundary at app/kit/jade/jade-experience.tsx:94,app/kit/jade/jade-experience.tsx,94,medium,0,0,An indexed read or write may need integer and bounds evidence.,Syntax discovery only; numeric range or behavioral proof is required.,
NUM-010,Numbers,UNPROVEN,potential-zero-divisor,potential-zero-divisor at app/kit/kit-experience.tsx:165,app/kit/kit-experience.tsx,165,medium,0,0,Division or remainder depends on a value whose zero/non-finite range should be established.,Syntax discovery only; numeric range or behavioral proof is required.,
NUM-011,Numbers,UNPROVEN,potential-index-boundary,potential-index-boundary at app/kit/kit-experience.tsx:202,app/kit/kit-experience.tsx,202,medium,0,0,An indexed read or write may need integer and bounds evidence.,Syntax discovery only; numeric range or behavioral proof is required.,
NUM-012,Numbers,UNPROVEN,potential-zero-divisor,potential-zero-divisor at app/kit/kit-experience.tsx:202,app/kit/kit-experience.tsx,202,medium,0,0,Division or remainder depends on a value whose zero/non-finite range should be established.,Syntax discovery only; numeric range or behavioral proof is required.,
NUM-009,Numbers,UNPROVEN,potential-index-boundary,potential-index-boundary at app/kit/kit-experience.tsx:42,app/kit/kit-experience.tsx,42,medium,0,0,An indexed read or write may need integer and bounds evidence.,Syntax discovery only; numeric range or behavioral proof is required.,
NUM-013,Numbers,UNPROVEN,potential-index-boundary,potential-index-boundary at app/kit/os/os-workbench.tsx:13,app/kit/os/os-workbench.tsx,13,medium,0,0,An indexed read or write may need integer and bounds evidence.,Syntax discovery only; numeric range or behavioral proof is required.,
NUM-014,Numbers,UNPROVEN,potential-index-boundary,potential-index-boundary at app/kit/os/os-workbench.tsx:18,app/kit/os/os-workbench.tsx,18,medium,0,0,An indexed read or write may need integer and bounds evidence.,Syntax discovery only; numeric range or behavioral proof is required.,
NUM-015,Numbers,UNPROVEN,potential-index-boundary,potential-index-boundary at app/labs/creative-labs.tsx:28,app/labs/creative-labs.tsx,28,medium,0,0,An indexed read or write may need integer and bounds evidence.,Syntax discovery only; numeric range or behavioral proof is required.,
NUM-016,Numbers,UNPROVEN,potential-index-boundary,potential-index-boundary at app/labs/theme-workshop.tsx:141,app/labs/theme-workshop.tsx,141,medium,0,0,An indexed read or write may need integer and bounds evidence.,Syntax discovery only; numeric range or behavioral proof is required.,
NUM-019,Numbers,UNPROVEN,potential-index-boundary,potential-index-boundary at app/preview/page.tsx:22,app/preview/page.tsx,22,medium,0,0,An indexed read or write may need integer and bounds evidence.,Syntax discovery only; numeric range or behavioral proof is required.,
NUM-020,Numbers,UNPROVEN,potential-index-boundary,potential-index-boundary at app/preview/preview-experience.tsx:13,app/preview/preview-experience.tsx,13,medium,0,0,An indexed read or write may need integer and bounds evidence.,Syntax discovery only; numeric range or behavioral proof is required.,
NUM-021,Numbers,UNPROVEN,potential-index-boundary,potential-index-boundary at app/projects/projects-room.tsx:45,app/projects/projects-room.tsx,45,medium,0,0,An indexed read or write may need integer and bounds evidence.,Syntax discovery only; numeric range or behavioral proof is required.,
NUM-022,Numbers,UNPROVEN,potential-index-boundary,potential-index-boundary at app/quality/quality-room.tsx:43,app/quality/quality-room.tsx,43,medium,0,0,An indexed read or write may need integer and bounds evidence.,Syntax discovery only; numeric range or behavioral proof is required.,
NUM-028,Numbers,UNPROVEN,potential-index-boundary,potential-index-boundary at app/studio/studio-experience.tsx:135,app/studio/studio-experience.tsx,135,medium,0,0,An indexed read or write may need integer and bounds evidence.,Syntax discovery only; numeric range or behavioral proof is required.,
NUM-029,Numbers,UNPROVEN,potential-index-boundary,potential-index-boundary at app/studio/studio-experience.tsx:195,app/studio/studio-experience.tsx,195,medium,0,0,An indexed read or write may need integer and bounds evidence.,Syntax discovery only; numeric range or behavioral proof is required.,
NUM-023,Numbers,UNPROVEN,potential-index-boundary,potential-index-boundary at app/studio/studio-experience.tsx:62,app/studio/studio-experience.tsx,62,medium,0,0,An indexed read or write may need integer and bounds evidence.,Syntax discovery only; numeric range or behavioral proof is required.,
NUM-024,Numbers,UNPROVEN,potential-index-boundary,potential-index-boundary at app/studio/studio-experience.tsx:88,app/studio/studio-experience.tsx,88,medium,0,0,An indexed read or write may need integer and bounds evidence.,Syntax discovery only; numeric range or behavioral proof is required.,
NUM-025,Numbers,UNPROVEN,potential-index-boundary,potential-index-boundary at app/studio/studio-experience.tsx:89,app/studio/studio-experience.tsx,89,medium,0,0,An indexed read or write may need integer and bounds evidence.,Syntax discovery only; numeric range or behavioral proof is required.,
NUM-026,Numbers,UNPROVEN,potential-index-boundary,potential-index-boundary at app/studio/studio-experience.tsx:90,app/studio/studio-experience.tsx,90,medium,0,0,An indexed read or write may need integer and bounds evidence.,Syntax discovery only; numeric range or behavioral proof is required.,
NUM-027,Numbers,UNPROVEN,potential-index-boundary,potential-index-boundary at app/studio/studio-experience.tsx:91,app/studio/studio-experience.tsx,91,medium,0,0,An indexed read or write may need integer and bounds evidence.,Syntax discovery only; numeric range or behavioral proof is required.,
NUM-030,Numbers,UNPROVEN,potential-index-boundary,potential-index-boundary at app/templates/template-foundry.tsx:22,app/templates/template-foundry.tsx,22,medium,0,0,An indexed read or write may need integer and bounds evidence.,Syntax discovery only; numeric range or behavioral proof is required.,
NUM-031,Numbers,UNPROVEN,potential-zero-divisor,potential-zero-divisor at app/templates/template-foundry.tsx:58,app/templates/template-foundry.tsx,58,medium,0,0,Division or remainder depends on a value whose zero/non-finite range should be established.,Syntax discovery only; numeric range or behavioral proof is required.,
NUM-032,Numbers,UNPROVEN,potential-index-boundary,potential-index-boundary at app/templates/template-foundry.tsx:59,app/templates/template-foundry.tsx,59,medium,0,0,An indexed read or write may need integer and bounds evidence.,Syntax discovery only; numeric range or behavioral proof is required.,
NUM-033,Numbers,UNPROVEN,potential-index-boundary,potential-index-boundary at components/site-header.tsx:113,components/site-header.tsx,113,medium,0,0,An indexed read or write may need integer and bounds evidence.,Syntax discovery only; numeric range or behavioral proof is required.,
NUM-034,Numbers,UNPROVEN,potential-index-boundary,potential-index-boundary at lib/project-studio.ts:182,lib/project-studio.ts,182,medium,0,0,An indexed read or write may need integer and bounds evidence.,Syntax discovery only; numeric range or behavioral proof is required.,
NUM-035,Numbers,UNPROVEN,potential-index-boundary,potential-index-boundary at lib/project-studio.ts:255,lib/project-studio.ts,255,medium,0,0,An indexed read or write may need integer and bounds evidence.,Syntax discovery only; numeric range or behavioral proof is required.,
NUM-037,Numbers,UNPROVEN,potential-zero-divisor,potential-zero-divisor at lib/theme-workshop.ts:211,lib/theme-workshop.ts,211,medium,0,0,Division or remainder depends on a value whose zero/non-finite range should be established.,Syntax discovery only; numeric range or behavioral proof is required.,
NUM-038,Numbers,UNPROVEN,potential-zero-divisor,potential-zero-divisor at lib/theme-workshop.ts:262,lib/theme-workshop.ts,262,medium,0,0,Division or remainder depends on a value whose zero/non-finite range should be established.,Syntax discovery only; numeric range or behavioral proof is required.,
NUM-039,Numbers,UNPROVEN,potential-zero-divisor,potential-zero-divisor at lib/theme-workshop.ts:280,lib/theme-workshop.ts,280,medium,0,0,Division or remainder depends on a value whose zero/non-finite range should be established.,Syntax discovery only; numeric range or behavioral proof is required.,
NUM-041,Numbers,UNPROVEN,potential-zero-divisor,potential-zero-divisor at lib/theme-workshop.ts:290,lib/theme-workshop.ts,290,medium,0,0,Division or remainder depends on a value whose zero/non-finite range should be established.,Syntax discovery only; numeric range or behavioral proof is required.,
NUM-042,Numbers,UNPROVEN,potential-zero-divisor,potential-zero-divisor at lib/theme-workshop.ts:291,lib/theme-workshop.ts,291,medium,0,0,Division or remainder depends on a value whose zero/non-finite range should be established.,Syntax discovery only; numeric range or behavioral proof is required.,
NUM-043,Numbers,UNPROVEN,potential-index-boundary,potential-index-boundary at lib/theme-workshop.ts:297,lib/theme-workshop.ts,297,medium,0,0,An indexed read or write may need integer and bounds evidence.,Syntax discovery only; numeric range or behavioral proof is required.,
NUM-045,Numbers,UNPROVEN,potential-zero-divisor,potential-zero-divisor at lib/theme-workshop.ts:308,lib/theme-workshop.ts,308,medium,0,0,Division or remainder depends on a value whose zero/non-finite range should be established.,Syntax discovery only; numeric range or behavioral proof is required.,
NUM-047,Numbers,UNPROVEN,potential-zero-divisor,potential-zero-divisor at lib/theme-workshop.ts:320,lib/theme-workshop.ts,320,medium,0,0,Division or remainder depends on a value whose zero/non-finite range should be established.,Syntax discovery only; numeric range or behavioral proof is required.,
NUM-048,Numbers,UNPROVEN,potential-zero-divisor,potential-zero-divisor at lib/theme-workshop.ts:353,lib/theme-workshop.ts,353,medium,0,0,Division or remainder depends on a value whose zero/non-finite range should be established.,Syntax discovery only; numeric range or behavioral proof is required.,
NUM-049,Numbers,UNPROVEN,potential-zero-divisor,potential-zero-divisor at lib/theme-workshop.ts:354,lib/theme-workshop.ts,354,medium,0,0,Division or remainder depends on a value whose zero/non-finite range should be established.,Syntax discovery only; numeric range or behavioral proof is required.,
NUM-052,Numbers,UNPROVEN,potential-zero-divisor,potential-zero-divisor at lib/theme-workshop.ts:523,lib/theme-workshop.ts,523,medium,0,0,Division or remainder depends on a value whose zero/non-finite range should be established.,Syntax discovery only; numeric range or behavioral proof is required.,
NUM-053,Numbers,UNPROVEN,potential-zero-divisor,potential-zero-divisor at lib/theme-workshop.ts:524,lib/theme-workshop.ts,524,medium,0,0,Division or remainder depends on a value whose zero/non-finite range should be established.,Syntax discovery only; numeric range or behavioral proof is required.,
NUM-069,Numbers,UNPROVEN,potential-zero-divisor,potential-zero-divisor at registry/elements/larson-scanner/larson-scanner.tsx:106,registry/elements/larson-scanner/larson-scanner.tsx,106,medium,0,0,Division or remainder depends on a value whose zero/non-finite range should be established.,Syntax discovery only; numeric range or behavioral proof is required.,
NUM-071,Numbers,UNPROVEN,potential-zero-divisor,potential-zero-divisor at registry/elements/larson-scanner/larson-scanner.tsx:109,registry/elements/larson-scanner/larson-scanner.tsx,109,medium,0,0,Division or remainder depends on a value whose zero/non-finite range should be established.,Syntax discovery only; numeric range or behavioral proof is required.,
NUM-072,Numbers,UNPROVEN,potential-index-boundary,potential-index-boundary at registry/elements/larson-scanner/larson-scanner.tsx:110,registry/elements/larson-scanner/larson-scanner.tsx,110,medium,0,0,An indexed read or write may need integer and bounds evidence.,Syntax discovery only; numeric range or behavioral proof is required.,
NUM-074,Numbers,UNPROVEN,potential-zero-divisor,potential-zero-divisor at registry/elements/larson-scanner/larson-scanner.tsx:110,registry/elements/larson-scanner/larson-scanner.tsx,110,medium,0,0,Division or remainder depends on a value whose zero/non-finite range should be established.,Syntax discovery only; numeric range or behavioral proof is required.,
NUM-075,Numbers,UNPROVEN,potential-zero-divisor,potential-zero-divisor at registry/elements/larson-scanner/larson-scanner.tsx:117,registry/elements/larson-scanner/larson-scanner.tsx,117,medium,0,0,Division or remainder depends on a value whose zero/non-finite range should be established.,Syntax discovery only; numeric range or behavioral proof is required.,
NUM-079,Numbers,UNPROVEN,potential-zero-divisor,potential-zero-divisor at registry/elements/larson-scanner/larson-scanner.tsx:122,registry/elements/larson-scanner/larson-scanner.tsx,122,medium,0,0,Division or remainder depends on a value whose zero/non-finite range should be established.,Syntax discovery only; numeric range or behavioral proof is required.,
NUM-080,Numbers,UNPROVEN,potential-index-boundary,potential-index-boundary at registry/elements/larson-scanner/larson-scanner.tsx:123,registry/elements/larson-scanner/larson-scanner.tsx,123,medium,0,0,An indexed read or write may need integer and bounds evidence.,Syntax discovery only; numeric range or behavioral proof is required.,
NUM-082,Numbers,UNPROVEN,potential-zero-divisor,potential-zero-divisor at registry/elements/larson-scanner/larson-scanner.tsx:132,registry/elements/larson-scanner/larson-scanner.tsx,132,medium,0,0,Division or remainder depends on a value whose zero/non-finite range should be established.,Syntax discovery only; numeric range or behavioral proof is required.,
NUM-083,Numbers,UNPROVEN,potential-zero-divisor,potential-zero-divisor at registry/elements/larson-scanner/larson-scanner.tsx:134,registry/elements/larson-scanner/larson-scanner.tsx,134,medium,0,0,Division or remainder depends on a value whose zero/non-finite range should be established.,Syntax discovery only; numeric range or behavioral proof is required.,
NUM-086,Numbers,UNPROVEN,potential-index-boundary,potential-index-boundary at registry/elements/larson-scanner/larson-scanner.tsx:138,registry/elements/larson-scanner/larson-scanner.tsx,138,medium,0,0,An indexed read or write may need integer and bounds evidence.,Syntax discovery only; numeric range or behavioral proof is required.,
NUM-088,Numbers,UNPROVEN,potential-zero-divisor,potential-zero-divisor at registry/elements/larson-scanner/larson-scanner.tsx:138,registry/elements/larson-scanner/larson-scanner.tsx,138,medium,0,0,Division or remainder depends on a value whose zero/non-finite range should be established.,Syntax discovery only; numeric range or behavioral proof is required.,
NUM-092,Numbers,UNPROVEN,potential-zero-divisor,potential-zero-divisor at registry/elements/larson-scanner/larson-scanner.tsx:145,registry/elements/larson-scanner/larson-scanner.tsx,145,medium,0,0,Division or remainder depends on a value whose zero/non-finite range should be established.,Syntax discovery only; numeric range or behavioral proof is required.,
NUM-093,Numbers,UNPROVEN,potential-index-boundary,potential-index-boundary at registry/elements/larson-scanner/larson-scanner.tsx:146,registry/elements/larson-scanner/larson-scanner.tsx,146,medium,0,0,An indexed read or write may need integer and bounds evidence.,Syntax discovery only; numeric range or behavioral proof is required.,
NUM-095,Numbers,UNPROVEN,potential-zero-divisor,potential-zero-divisor at registry/elements/larson-scanner/larson-scanner.tsx:150,registry/elements/larson-scanner/larson-scanner.tsx,150,medium,0,0,Division or remainder depends on a value whose zero/non-finite range should be established.,Syntax discovery only; numeric range or behavioral proof is required.,
NUM-096,Numbers,UNPROVEN,potential-index-boundary,potential-index-boundary at registry/elements/larson-scanner/larson-scanner.tsx:151,registry/elements/larson-scanner/larson-scanner.tsx,151,medium,0,0,An indexed read or write may need integer and bounds evidence.,Syntax discovery only; numeric range or behavioral proof is required.,
NUM-098,Numbers,UNPROVEN,potential-zero-divisor,potential-zero-divisor at registry/elements/larson-scanner/larson-scanner.tsx:151,registry/elements/larson-scanner/larson-scanner.tsx,151,medium,0,0,Division or remainder depends on a value whose zero/non-finite range should be established.,Syntax discovery only; numeric range or behavioral proof is required.,
NUM-099,Numbers,UNPROVEN,potential-index-boundary,potential-index-boundary at registry/elements/larson-scanner/larson-scanner.tsx:158,registry/elements/larson-scanner/larson-scanner.tsx,158,medium,0,0,An indexed read or write may need integer and bounds evidence.,Syntax discovery only; numeric range or behavioral proof is required.,
NUM-102,Numbers,UNPROVEN,potential-zero-divisor,potential-zero-divisor at registry/elements/larson-scanner/larson-scanner.tsx:182,registry/elements/larson-scanner/larson-scanner.tsx,182,medium,0,0,Division or remainder depends on a value whose zero/non-finite range should be established.,Syntax discovery only; numeric range or behavioral proof is required.,
NUM-104,Numbers,UNPROVEN,potential-zero-divisor,potential-zero-divisor at registry/elements/larson-scanner/larson-scanner.tsx:183,registry/elements/larson-scanner/larson-scanner.tsx,183,medium,0,0,Division or remainder depends on a value whose zero/non-finite range should be established.,Syntax discovery only; numeric range or behavioral proof is required.,
NUM-106,Numbers,UNPROVEN,potential-zero-divisor,potential-zero-divisor at registry/elements/larson-scanner/larson-scanner.tsx:184,registry/elements/larson-scanner/larson-scanner.tsx,184,medium,0,0,Division or remainder depends on a value whose zero/non-finite range should be established.,Syntax discovery only; numeric range or behavioral proof is required.,
NUM-107,Numbers,UNPROVEN,potential-zero-divisor,potential-zero-divisor at registry/elements/larson-scanner/larson-scanner.tsx:202,registry/elements/larson-scanner/larson-scanner.tsx,202,medium,0,0,Division or remainder depends on a value whose zero/non-finite range should be established.,Syntax discovery only; numeric range or behavioral proof is required.,
NUM-112,Numbers,UNPROVEN,potential-zero-divisor,potential-zero-divisor at registry/elements/larson-scanner/larson-scanner.tsx:217,registry/elements/larson-scanner/larson-scanner.tsx,217,medium,0,0,Division or remainder depends on a value whose zero/non-finite range should be established.,Syntax discovery only; numeric range or behavioral proof is required.,
NUM-113,Numbers,UNPROVEN,potential-zero-divisor,potential-zero-divisor at registry/elements/larson-scanner/larson-scanner.tsx:218,registry/elements/larson-scanner/larson-scanner.tsx,218,medium,0,0,Division or remainder depends on a value whose zero/non-finite range should be established.,Syntax discovery only; numeric range or behavioral proof is required.,
NUM-115,Numbers,UNPROVEN,potential-index-boundary,potential-index-boundary at registry/elements/larson-scanner/larson-scanner.tsx:236,registry/elements/larson-scanner/larson-scanner.tsx,236,medium,0,0,An indexed read or write may need integer and bounds evidence.,Syntax discovery only; numeric range or behavioral proof is required.,
NUM-116,Numbers,UNPROVEN,potential-zero-divisor,potential-zero-divisor at registry/elements/larson-scanner/larson-scanner.tsx:236,registry/elements/larson-scanner/larson-scanner.tsx,236,medium,0,0,Division or remainder depends on a value whose zero/non-finite range should be established.,Syntax discovery only; numeric range or behavioral proof is required.,
NUM-120,Numbers,UNPROVEN,potential-zero-divisor,potential-zero-divisor at registry/elements/larson-scanner/larson-scanner.tsx:266,registry/elements/larson-scanner/larson-scanner.tsx,266,medium,0,0,Division or remainder depends on a value whose zero/non-finite range should be established.,Syntax discovery only; numeric range or behavioral proof is required.,
NUM-122,Numbers,UNPROVEN,potential-zero-divisor,potential-zero-divisor at registry/elements/larson-scanner/larson-scanner.tsx:268,registry/elements/larson-scanner/larson-scanner.tsx,268,medium,0,0,Division or remainder depends on a value whose zero/non-finite range should be established.,Syntax discovery only; numeric range or behavioral proof is required.,
NUM-123,Numbers,UNPROVEN,potential-zero-divisor,potential-zero-divisor at registry/elements/larson-scanner/larson-scanner.tsx:269,registry/elements/larson-scanner/larson-scanner.tsx,269,medium,0,0,Division or remainder depends on a value whose zero/non-finite range should be established.,Syntax discovery only; numeric range or behavioral proof is required.,
NUM-136,Numbers,UNPROVEN,potential-zero-divisor,potential-zero-divisor at registry/elements/larson-scanner/larson-scanner.tsx:369,registry/elements/larson-scanner/larson-scanner.tsx,369,medium,0,0,Division or remainder depends on a value whose zero/non-finite range should be established.,Syntax discovery only; numeric range or behavioral proof is required.,
NUM-137,Numbers,UNPROVEN,potential-zero-divisor,potential-zero-divisor at registry/elements/larson-scanner/larson-scanner.tsx:371,registry/elements/larson-scanner/larson-scanner.tsx,371,medium,0,0,Division or remainder depends on a value whose zero/non-finite range should be established.,Syntax discovery only; numeric range or behavioral proof is required.,
NUM-138,Numbers,UNPROVEN,potential-zero-divisor,potential-zero-divisor at registry/elements/larson-scanner/larson-scanner.tsx:374,registry/elements/larson-scanner/larson-scanner.tsx,374,medium,0,0,Division or remainder depends on a value whose zero/non-finite range should be established.,Syntax discovery only; numeric range or behavioral proof is required.,
NUM-139,Numbers,UNPROVEN,potential-zero-divisor,potential-zero-divisor at registry/elements/larson-scanner/larson-scanner.tsx:376,registry/elements/larson-scanner/larson-scanner.tsx,376,medium,0,0,Division or remainder depends on a value whose zero/non-finite range should be established.,Syntax discovery only; numeric range or behavioral proof is required.,
NUM-140,Numbers,UNPROVEN,potential-zero-divisor,potential-zero-divisor at registry/elements/larson-scanner/larson-scanner.tsx:391,registry/elements/larson-scanner/larson-scanner.tsx,391,medium,0,0,Division or remainder depends on a value whose zero/non-finite range should be established.,Syntax discovery only; numeric range or behavioral proof is required.,
NUM-141,Numbers,UNPROVEN,potential-zero-divisor,potential-zero-divisor at registry/elements/larson-scanner/larson-scanner.tsx:397,registry/elements/larson-scanner/larson-scanner.tsx,397,medium,0,0,Division or remainder depends on a value whose zero/non-finite range should be established.,Syntax discovery only; numeric range or behavioral proof is required.,
NUM-143,Numbers,UNPROVEN,potential-zero-divisor,potential-zero-divisor at registry/elements/larson-scanner/larson-scanner.tsx:407,registry/elements/larson-scanner/larson-scanner.tsx,407,medium,0,0,Division or remainder depends on a value whose zero/non-finite range should be established.,Syntax discovery only; numeric range or behavioral proof is required.,
NUM-147,Numbers,UNPROVEN,potential-zero-divisor,potential-zero-divisor at registry/elements/larson-scanner/larson-scanner.tsx:438,registry/elements/larson-scanner/larson-scanner.tsx,438,medium,0,0,Division or remainder depends on a value whose zero/non-finite range should be established.,Syntax discovery only; numeric range or behavioral proof is required.,
NUM-150,Numbers,UNPROVEN,potential-zero-divisor,potential-zero-divisor at registry/elements/larson-scanner/larson-scanner.tsx:594,registry/elements/larson-scanner/larson-scanner.tsx,594,medium,0,0,Division or remainder depends on a value whose zero/non-finite range should be established.,Syntax discovery only; numeric range or behavioral proof is required.,
NUM-055,Numbers,UNPROVEN,potential-zero-divisor,potential-zero-divisor at registry/elements/larson-scanner/larson-scanner.tsx:70,registry/elements/larson-scanner/larson-scanner.tsx,70,medium,0,0,Division or remainder depends on a value whose zero/non-finite range should be established.,Syntax discovery only; numeric range or behavioral proof is required.,
NUM-058,Numbers,UNPROVEN,potential-index-boundary,potential-index-boundary at registry/elements/larson-scanner/larson-scanner.tsx:76,registry/elements/larson-scanner/larson-scanner.tsx,76,medium,0,0,An indexed read or write may need integer and bounds evidence.,Syntax discovery only; numeric range or behavioral proof is required.,
NUM-059,Numbers,UNPROVEN,potential-zero-divisor,potential-zero-divisor at registry/elements/larson-scanner/larson-scanner.tsx:76,registry/elements/larson-scanner/larson-scanner.tsx,76,medium,0,0,Division or remainder depends on a value whose zero/non-finite range should be established.,Syntax discovery only; numeric range or behavioral proof is required.,
NUM-060,Numbers,UNPROVEN,potential-index-boundary,potential-index-boundary at registry/elements/larson-scanner/larson-scanner.tsx:77,registry/elements/larson-scanner/larson-scanner.tsx,77,medium,0,0,An indexed read or write may need integer and bounds evidence.,Syntax discovery only; numeric range or behavioral proof is required.,
NUM-061,Numbers,UNPROVEN,potential-zero-divisor,potential-zero-divisor at registry/elements/larson-scanner/larson-scanner.tsx:77,registry/elements/larson-scanner/larson-scanner.tsx,77,medium,0,0,Division or remainder depends on a value whose zero/non-finite range should be established.,Syntax discovery only; numeric range or behavioral proof is required.,
NUM-062,Numbers,UNPROVEN,potential-index-boundary,potential-index-boundary at registry/elements/larson-scanner/larson-scanner.tsx:78,registry/elements/larson-scanner/larson-scanner.tsx,78,medium,0,0,An indexed read or write may need integer and bounds evidence.,Syntax discovery only; numeric range or behavioral proof is required.,
NUM-063,Numbers,UNPROVEN,potential-zero-divisor,potential-zero-divisor at registry/elements/larson-scanner/larson-scanner.tsx:78,registry/elements/larson-scanner/larson-scanner.tsx,78,medium,0,0,Division or remainder depends on a value whose zero/non-finite range should be established.,Syntax discovery only; numeric range or behavioral proof is required.,
NUM-064,Numbers,UNPROVEN,potential-zero-divisor,potential-zero-divisor at registry/elements/larson-scanner/larson-scanner.tsx:79,registry/elements/larson-scanner/larson-scanner.tsx,79,medium,0,0,Division or remainder depends on a value whose zero/non-finite range should be established.,Syntax discovery only; numeric range or behavioral proof is required.,
NUM-066,Numbers,UNPROVEN,potential-zero-divisor,potential-zero-divisor at registry/elements/larson-scanner/larson-scanner.tsx:98,registry/elements/larson-scanner/larson-scanner.tsx,98,medium,0,0,Division or remainder depends on a value whose zero/non-finite range should be established.,Syntax discovery only; numeric range or behavioral proof is required.,
NUM-151,Numbers,UNPROVEN,potential-zero-divisor,potential-zero-divisor at registry/os/patterns/command-bar.tsx:33,registry/os/patterns/command-bar.tsx,33,medium,0,0,Division or remainder depends on a value whose zero/non-finite range should be established.,Syntax discovery only; numeric range or behavioral proof is required.,
NUM-152,Numbers,UNPROVEN,potential-zero-divisor,potential-zero-divisor at registry/os/patterns/command-bar.tsx:34,registry/os/patterns/command-bar.tsx,34,medium,0,0,Division or remainder depends on a value whose zero/non-finite range should be established.,Syntax discovery only; numeric range or behavioral proof is required.,
NUM-153,Numbers,UNPROVEN,potential-index-boundary,potential-index-boundary at registry/os/patterns/command-bar.tsx:35,registry/os/patterns/command-bar.tsx,35,medium,0,0,An indexed read or write may need integer and bounds evidence.,Syntax discovery only; numeric range or behavioral proof is required.,
NUM-154,Numbers,UNPROVEN,potential-index-boundary,potential-index-boundary at registry/os/patterns/dock.tsx:22,registry/os/patterns/dock.tsx,22,medium,0,0,An indexed read or write may need integer and bounds evidence.,Syntax discovery only; numeric range or behavioral proof is required.,
NUM-155,Numbers,UNPROVEN,potential-index-boundary,potential-index-boundary at registry/os/patterns/master-detail.tsx:21,registry/os/patterns/master-detail.tsx,21,medium,0,0,An indexed read or write may need integer and bounds evidence.,Syntax discovery only; numeric range or behavioral proof is required.,
NUM-156,Numbers,UNPROVEN,potential-index-boundary,potential-index-boundary at registry/os/patterns/master-detail.tsx:24,registry/os/patterns/master-detail.tsx,24,medium,0,0,An indexed read or write may need integer and bounds evidence.,Syntax discovery only; numeric range or behavioral proof is required.,
NUM-157,Numbers,UNPROVEN,potential-index-boundary,potential-index-boundary at registry/os/patterns/settings-sheet.tsx:11,registry/os/patterns/settings-sheet.tsx,11,medium,0,0,An indexed read or write may need integer and bounds evidence.,Syntax discovery only; numeric range or behavioral proof is required.,
NUM-158,Numbers,UNPROVEN,potential-index-boundary,potential-index-boundary at scripts/verify-elements.mjs:21,scripts/verify-elements.mjs,21,medium,0,0,An indexed read or write may need integer and bounds evidence.,Syntax discovery only; numeric range or behavioral proof is required.,
NUM-159,Numbers,UNPROVEN,potential-index-boundary,potential-index-boundary at scripts/verify-os.mjs:15,scripts/verify-os.mjs,15,medium,0,0,An indexed read or write may need integer and bounds evidence.,Syntax discovery only; numeric range or behavioral proof is required.,
NUM-160,Numbers,UNPROVEN,potential-zero-divisor,potential-zero-divisor at scripts/verify-os.mjs:19,scripts/verify-os.mjs,19,medium,0,0,Division or remainder depends on a value whose zero/non-finite range should be established.,Syntax discovery only; numeric range or behavioral proof is required.,
NUM-163,Numbers,UNPROVEN,potential-zero-divisor,potential-zero-divisor at scripts/verify-os.mjs:41,scripts/verify-os.mjs,41,medium,0,0,Division or remainder depends on a value whose zero/non-finite range should be established.,Syntax discovery only; numeric range or behavioral proof is required.,
NUM-004,Numbers,UNPROVEN,range-sensitive-math,range-sensitive-math at app/kit/component-preview.tsx:211,app/kit/component-preview.tsx,211,low,0,0,Rounding or range-sensitive math participates in a numeric island.,Syntax discovery only; numeric range or behavioral proof is required.,
NUM-017,Numbers,UNPROVEN,range-sensitive-math,range-sensitive-math at app/labs/theme-workshop.tsx:256,app/labs/theme-workshop.tsx,256,low,0,0,Rounding or range-sensitive math participates in a numeric island.,Syntax discovery only; numeric range or behavioral proof is required.,
NUM-018,Numbers,UNPROVEN,ui-geometry,ui-geometry at app/labs/theme-workshop.tsx:297,app/labs/theme-workshop.tsx,297,low,0,0,A geometry-related value participates in rendered layout or motion.,Syntax discovery only; numeric range or behavioral proof is required.,
NUM-036,Numbers,UNPROVEN,range-sensitive-math,range-sensitive-math at lib/theme-workshop.ts:169,lib/theme-workshop.ts,169,low,0,0,Rounding or range-sensitive math participates in a numeric island.,Syntax discovery only; numeric range or behavioral proof is required.,
NUM-040,Numbers,UNPROVEN,range-sensitive-math,range-sensitive-math at lib/theme-workshop.ts:285,lib/theme-workshop.ts,285,low,0,0,Rounding or range-sensitive math participates in a numeric island.,Syntax discovery only; numeric range or behavioral proof is required.,
NUM-044,Numbers,UNPROVEN,range-sensitive-math,range-sensitive-math at lib/theme-workshop.ts:307,lib/theme-workshop.ts,307,low,0,0,Rounding or range-sensitive math participates in a numeric island.,Syntax discovery only; numeric range or behavioral proof is required.,
NUM-046,Numbers,UNPROVEN,range-sensitive-math,range-sensitive-math at lib/theme-workshop.ts:320,lib/theme-workshop.ts,320,low,0,0,Rounding or range-sensitive math participates in a numeric island.,Syntax discovery only; numeric range or behavioral proof is required.,
NUM-050,Numbers,UNPROVEN,range-sensitive-math,range-sensitive-math at lib/theme-workshop.ts:375,lib/theme-workshop.ts,375,low,0,0,Rounding or range-sensitive math participates in a numeric island.,Syntax discovery only; numeric range or behavioral proof is required.,
NUM-051,Numbers,UNPROVEN,range-sensitive-math,range-sensitive-math at lib/theme-workshop.ts:377,lib/theme-workshop.ts,377,low,0,0,Rounding or range-sensitive math participates in a numeric island.,Syntax discovery only; numeric range or behavioral proof is required.,
NUM-067,Numbers,UNPROVEN,range-sensitive-math,range-sensitive-math at registry/elements/larson-scanner/larson-scanner.tsx:101,registry/elements/larson-scanner/larson-scanner.tsx,101,low,0,0,Rounding or range-sensitive math participates in a numeric island.,Syntax discovery only; numeric range or behavioral proof is required.,
NUM-068,Numbers,UNPROVEN,range-sensitive-math,range-sensitive-math at registry/elements/larson-scanner/larson-scanner.tsx:105,registry/elements/larson-scanner/larson-scanner.tsx,105,low,0,0,Rounding or range-sensitive math participates in a numeric island.,Syntax discovery only; numeric range or behavioral proof is required.,
NUM-070,Numbers,UNPROVEN,range-sensitive-math,range-sensitive-math at registry/elements/larson-scanner/larson-scanner.tsx:109,registry/elements/larson-scanner/larson-scanner.tsx,109,low,0,0,Rounding or range-sensitive math participates in a numeric island.,Syntax discovery only; numeric range or behavioral proof is required.,
NUM-073,Numbers,UNPROVEN,range-sensitive-math,range-sensitive-math at registry/elements/larson-scanner/larson-scanner.tsx:110,registry/elements/larson-scanner/larson-scanner.tsx,110,low,0,0,Rounding or range-sensitive math participates in a numeric island.,Syntax discovery only; numeric range or behavioral proof is required.,
NUM-076,Numbers,UNPROVEN,range-sensitive-math,range-sensitive-math at registry/elements/larson-scanner/larson-scanner.tsx:120,registry/elements/larson-scanner/larson-scanner.tsx,120,low,0,0,Rounding or range-sensitive math participates in a numeric island.,Syntax discovery only; numeric range or behavioral proof is required.,
NUM-077,Numbers,UNPROVEN,range-sensitive-math,range-sensitive-math at registry/elements/larson-scanner/larson-scanner.tsx:121,registry/elements/larson-scanner/larson-scanner.tsx,121,low,0,0,Rounding or range-sensitive math participates in a numeric island.,Syntax discovery only; numeric range or behavioral proof is required.,
NUM-078,Numbers,UNPROVEN,range-sensitive-math,range-sensitive-math at registry/elements/larson-scanner/larson-scanner.tsx:122,registry/elements/larson-scanner/larson-scanner.tsx,122,low,0,0,Rounding or range-sensitive math participates in a numeric island.,Syntax discovery only; numeric range or behavioral proof is required.,
NUM-081,Numbers,UNPROVEN,range-sensitive-math,range-sensitive-math at registry/elements/larson-scanner/larson-scanner.tsx:123,registry/elements/larson-scanner/larson-scanner.tsx,123,low,0,0,Rounding or range-sensitive math participates in a numeric island.,Syntax discovery only; numeric range or behavioral proof is required.,
NUM-084,Numbers,UNPROVEN,range-sensitive-math,range-sensitive-math at registry/elements/larson-scanner/larson-scanner.tsx:135,registry/elements/larson-scanner/larson-scanner.tsx,135,low,0,0,Rounding or range-sensitive math participates in a numeric island.,Syntax discovery only; numeric range or behavioral proof is required.,
NUM-085,Numbers,UNPROVEN,range-sensitive-math,range-sensitive-math at registry/elements/larson-scanner/larson-scanner.tsx:137,registry/elements/larson-scanner/larson-scanner.tsx,137,low,0,0,Rounding or range-sensitive math participates in a numeric island.,Syntax discovery only; numeric range or behavioral proof is required.,
NUM-087,Numbers,UNPROVEN,range-sensitive-math,range-sensitive-math at registry/elements/larson-scanner/larson-scanner.tsx:138,registry/elements/larson-scanner/larson-scanner.tsx,138,low,0,0,Rounding or range-sensitive math participates in a numeric island.,Syntax discovery only; numeric range or behavioral proof is required.,
NUM-089,Numbers,UNPROVEN,range-sensitive-math,range-sensitive-math at registry/elements/larson-scanner/larson-scanner.tsx:140,registry/elements/larson-scanner/larson-scanner.tsx,140,low,0,0,Rounding or range-sensitive math participates in a numeric island.,Syntax discovery only; numeric range or behavioral proof is required.,
NUM-090,Numbers,UNPROVEN,range-sensitive-math,range-sensitive-math at registry/elements/larson-scanner/larson-scanner.tsx:143,registry/elements/larson-scanner/larson-scanner.tsx,143,low,0,0,Rounding or range-sensitive math participates in a numeric island.,Syntax discovery only; numeric range or behavioral proof is required.,
NUM-091,Numbers,UNPROVEN,range-sensitive-math,range-sensitive-math at registry/elements/larson-scanner/larson-scanner.tsx:145,registry/elements/larson-scanner/larson-scanner.tsx,145,low,0,0,Rounding or range-sensitive math participates in a numeric island.,Syntax discovery only; numeric range or behavioral proof is required.,
NUM-094,Numbers,UNPROVEN,range-sensitive-math,range-sensitive-math at registry/elements/larson-scanner/larson-scanner.tsx:150,registry/elements/larson-scanner/larson-scanner.tsx,150,low,0,0,Rounding or range-sensitive math participates in a numeric island.,Syntax discovery only; numeric range or behavioral proof is required.,
NUM-097,Numbers,UNPROVEN,range-sensitive-math,range-sensitive-math at registry/elements/larson-scanner/larson-scanner.tsx:151,registry/elements/larson-scanner/larson-scanner.tsx,151,low,0,0,Rounding or range-sensitive math participates in a numeric island.,Syntax discovery only; numeric range or behavioral proof is required.,
NUM-100,Numbers,UNPROVEN,range-sensitive-math,range-sensitive-math at registry/elements/larson-scanner/larson-scanner.tsx:162,registry/elements/larson-scanner/larson-scanner.tsx,162,low,0,0,Rounding or range-sensitive math participates in a numeric island.,Syntax discovery only; numeric range or behavioral proof is required.,
NUM-101,Numbers,UNPROVEN,range-sensitive-math,range-sensitive-math at registry/elements/larson-scanner/larson-scanner.tsx:177,registry/elements/larson-scanner/larson-scanner.tsx,177,low,0,0,Rounding or range-sensitive math participates in a numeric island.,Syntax discovery only; numeric range or behavioral proof is required.,
NUM-103,Numbers,UNPROVEN,ui-geometry,ui-geometry at registry/elements/larson-scanner/larson-scanner.tsx:183,registry/elements/larson-scanner/larson-scanner.tsx,183,low,0,0,A geometry-related value participates in rendered layout or motion.,Syntax discovery only; numeric range or behavioral proof is required.,
NUM-105,Numbers,UNPROVEN,range-sensitive-math,range-sensitive-math at registry/elements/larson-scanner/larson-scanner.tsx:184,registry/elements/larson-scanner/larson-scanner.tsx,184,low,0,0,Rounding or range-sensitive math participates in a numeric island.,Syntax discovery only; numeric range or behavioral proof is required.,
NUM-108,Numbers,UNPROVEN,ui-geometry,ui-geometry at registry/elements/larson-scanner/larson-scanner.tsx:204,registry/elements/larson-scanner/larson-scanner.tsx,204,low,0,0,A geometry-related value participates in rendered layout or motion.,Syntax discovery only; numeric range or behavioral proof is required.,
NUM-109,Numbers,UNPROVEN,ui-geometry,ui-geometry at registry/elements/larson-scanner/larson-scanner.tsx:205,registry/elements/larson-scanner/larson-scanner.tsx,205,low,0,0,A geometry-related value participates in rendered layout or motion.,Syntax discovery only; numeric range or behavioral proof is required.,
NUM-110,Numbers,UNPROVEN,ui-geometry,ui-geometry at registry/elements/larson-scanner/larson-scanner.tsx:206,registry/elements/larson-scanner/larson-scanner.tsx,206,low,0,0,A geometry-related value participates in rendered layout or motion.,Syntax discovery only; numeric range or behavioral proof is required.,
NUM-111,Numbers,UNPROVEN,range-sensitive-math,range-sensitive-math at registry/elements/larson-scanner/larson-scanner.tsx:217,registry/elements/larson-scanner/larson-scanner.tsx,217,low,0,0,Rounding or range-sensitive math participates in a numeric island.,Syntax discovery only; numeric range or behavioral proof is required.,
NUM-114,Numbers,UNPROVEN,range-sensitive-math,range-sensitive-math at registry/elements/larson-scanner/larson-scanner.tsx:219,registry/elements/larson-scanner/larson-scanner.tsx,219,low,0,0,Rounding or range-sensitive math participates in a numeric island.,Syntax discovery only; numeric range or behavioral proof is required.,
NUM-117,Numbers,UNPROVEN,range-sensitive-math,range-sensitive-math at registry/elements/larson-scanner/larson-scanner.tsx:243,registry/elements/larson-scanner/larson-scanner.tsx,243,low,0,0,Rounding or range-sensitive math participates in a numeric island.,Syntax discovery only; numeric range or behavioral proof is required.,
NUM-118,Numbers,UNPROVEN,range-sensitive-math,range-sensitive-math at registry/elements/larson-scanner/larson-scanner.tsx:248,registry/elements/larson-scanner/larson-scanner.tsx,248,low,0,0,Rounding or range-sensitive math participates in a numeric island.,Syntax discovery only; numeric range or behavioral proof is required.,
NUM-119,Numbers,UNPROVEN,range-sensitive-math,range-sensitive-math at registry/elements/larson-scanner/larson-scanner.tsx:262,registry/elements/larson-scanner/larson-scanner.tsx,262,low,0,0,Rounding or range-sensitive math participates in a numeric island.,Syntax discovery only; numeric range or behavioral proof is required.,
NUM-121,Numbers,UNPROVEN,range-sensitive-math,range-sensitive-math at registry/elements/larson-scanner/larson-scanner.tsx:268,registry/elements/larson-scanner/larson-scanner.tsx,268,low,0,0,Rounding or range-sensitive math participates in a numeric island.,Syntax discovery only; numeric range or behavioral proof is required.,
NUM-124,Numbers,UNPROVEN,ui-geometry,ui-geometry at registry/elements/larson-scanner/larson-scanner.tsx:289,registry/elements/larson-scanner/larson-scanner.tsx,289,low,0,0,A geometry-related value participates in rendered layout or motion.,Syntax discovery only; numeric range or behavioral proof is required.,
NUM-125,Numbers,UNPROVEN,range-sensitive-math,range-sensitive-math at registry/elements/larson-scanner/larson-scanner.tsx:321,registry/elements/larson-scanner/larson-scanner.tsx,321,low,0,0,Rounding or range-sensitive math participates in a numeric island.,Syntax discovery only; numeric range or behavioral proof is required.,
NUM-126,Numbers,UNPROVEN,ui-geometry,ui-geometry at registry/elements/larson-scanner/larson-scanner.tsx:347,registry/elements/larson-scanner/larson-scanner.tsx,347,low,0,0,A geometry-related value participates in rendered layout or motion.,Syntax discovery only; numeric range or behavioral proof is required.,
NUM-127,Numbers,UNPROVEN,range-sensitive-math,range-sensitive-math at registry/elements/larson-scanner/larson-scanner.tsx:347,registry/elements/larson-scanner/larson-scanner.tsx,347,low,0,0,Rounding or range-sensitive math participates in a numeric island.,Syntax discovery only; numeric range or behavioral proof is required.,
NUM-128,Numbers,UNPROVEN,ui-geometry,ui-geometry at registry/elements/larson-scanner/larson-scanner.tsx:348,registry/elements/larson-scanner/larson-scanner.tsx,348,low,0,0,A geometry-related value participates in rendered layout or motion.,Syntax discovery only; numeric range or behavioral proof is required.,
NUM-129,Numbers,UNPROVEN,range-sensitive-math,range-sensitive-math at registry/elements/larson-scanner/larson-scanner.tsx:348,registry/elements/larson-scanner/larson-scanner.tsx,348,low,0,0,Rounding or range-sensitive math participates in a numeric island.,Syntax discovery only; numeric range or behavioral proof is required.,
NUM-130,Numbers,UNPROVEN,range-sensitive-math,range-sensitive-math at registry/elements/larson-scanner/larson-scanner.tsx:349,registry/elements/larson-scanner/larson-scanner.tsx,349,low,0,0,Rounding or range-sensitive math participates in a numeric island.,Syntax discovery only; numeric range or behavioral proof is required.,
NUM-131,Numbers,UNPROVEN,ui-geometry,ui-geometry at registry/elements/larson-scanner/larson-scanner.tsx:350,registry/elements/larson-scanner/larson-scanner.tsx,350,low,0,0,A geometry-related value participates in rendered layout or motion.,Syntax discovery only; numeric range or behavioral proof is required.,
NUM-132,Numbers,UNPROVEN,range-sensitive-math,range-sensitive-math at registry/elements/larson-scanner/larson-scanner.tsx:350,registry/elements/larson-scanner/larson-scanner.tsx,350,low,0,0,Rounding or range-sensitive math participates in a numeric island.,Syntax discovery only; numeric range or behavioral proof is required.,
NUM-133,Numbers,UNPROVEN,ui-geometry,ui-geometry at registry/elements/larson-scanner/larson-scanner.tsx:351,registry/elements/larson-scanner/larson-scanner.tsx,351,low,0,0,A geometry-related value participates in rendered layout or motion.,Syntax discovery only; numeric range or behavioral proof is required.,
NUM-134,Numbers,UNPROVEN,range-sensitive-math,range-sensitive-math at registry/elements/larson-scanner/larson-scanner.tsx:351,registry/elements/larson-scanner/larson-scanner.tsx,351,low,0,0,Rounding or range-sensitive math participates in a numeric island.,Syntax discovery only; numeric range or behavioral proof is required.,
NUM-135,Numbers,UNPROVEN,range-sensitive-math,range-sensitive-math at registry/elements/larson-scanner/larson-scanner.tsx:369,registry/elements/larson-scanner/larson-scanner.tsx,369,low,0,0,Rounding or range-sensitive math participates in a numeric island.,Syntax discovery only; numeric range or behavioral proof is required.,
NUM-142,Numbers,UNPROVEN,range-sensitive-math,range-sensitive-math at registry/elements/larson-scanner/larson-scanner.tsx:404,registry/elements/larson-scanner/larson-scanner.tsx,404,low,0,0,Rounding or range-sensitive math participates in a numeric island.,Syntax discovery only; numeric range or behavioral proof is required.,
NUM-144,Numbers,UNPROVEN,range-sensitive-math,range-sensitive-math at registry/elements/larson-scanner/larson-scanner.tsx:407,registry/elements/larson-scanner/larson-scanner.tsx,407,low,0,0,Rounding or range-sensitive math participates in a numeric island.,Syntax discovery only; numeric range or behavioral proof is required.,
NUM-145,Numbers,UNPROVEN,range-sensitive-math,range-sensitive-math at registry/elements/larson-scanner/larson-scanner.tsx:437,registry/elements/larson-scanner/larson-scanner.tsx,437,low,0,0,Rounding or range-sensitive math participates in a numeric island.,Syntax discovery only; numeric range or behavioral proof is required.,
NUM-146,Numbers,UNPROVEN,range-sensitive-math,range-sensitive-math at registry/elements/larson-scanner/larson-scanner.tsx:438,registry/elements/larson-scanner/larson-scanner.tsx,438,low,0,0,Rounding or range-sensitive math participates in a numeric island.,Syntax discovery only; numeric range or behavioral proof is required.,
NUM-148,Numbers,UNPROVEN,range-sensitive-math,range-sensitive-math at registry/elements/larson-scanner/larson-scanner.tsx:450,registry/elements/larson-scanner/larson-scanner.tsx,450,low,0,0,Rounding or range-sensitive math participates in a numeric island.,Syntax discovery only; numeric range or behavioral proof is required.,
NUM-054,Numbers,UNPROVEN,range-sensitive-math,range-sensitive-math at registry/elements/larson-scanner/larson-scanner.tsx:57,registry/elements/larson-scanner/larson-scanner.tsx,57,low,0,0,Rounding or range-sensitive math participates in a numeric island.,Syntax discovery only; numeric range or behavioral proof is required.,
NUM-149,Numbers,UNPROVEN,range-sensitive-math,range-sensitive-math at registry/elements/larson-scanner/larson-scanner.tsx:573,registry/elements/larson-scanner/larson-scanner.tsx,573,low,0,0,Rounding or range-sensitive math participates in a numeric island.,Syntax discovery only; numeric range or behavioral proof is required.,
NUM-056,Numbers,UNPROVEN,range-sensitive-math,range-sensitive-math at registry/elements/larson-scanner/larson-scanner.tsx:71,registry/elements/larson-scanner/larson-scanner.tsx,71,low,0,0,Rounding or range-sensitive math participates in a numeric island.,Syntax discovery only; numeric range or behavioral proof is required.,
NUM-057,Numbers,UNPROVEN,range-sensitive-math,range-sensitive-math at registry/elements/larson-scanner/larson-scanner.tsx:72,registry/elements/larson-scanner/larson-scanner.tsx,72,low,0,0,Rounding or range-sensitive math participates in a numeric island.,Syntax discovery only; numeric range or behavioral proof is required.,
NUM-065,Numbers,UNPROVEN,range-sensitive-math,range-sensitive-math at registry/elements/larson-scanner/larson-scanner.tsx:97,registry/elements/larson-scanner/larson-scanner.tsx,97,low,0,0,Rounding or range-sensitive math participates in a numeric island.,Syntax discovery only; numeric range or behavioral proof is required.,
NUM-161,Numbers,UNPROVEN,range-sensitive-math,range-sensitive-math at scripts/verify-os.mjs:28,scripts/verify-os.mjs,28,low,0,0,Rounding or range-sensitive math participates in a numeric island.,Syntax discovery only; numeric range or behavioral proof is required.,
NUM-162,Numbers,UNPROVEN,range-sensitive-math,range-sensitive-math at scripts/verify-os.mjs:41,scripts/verify-os.mjs,41,low,0,0,Rounding or range-sensitive math participates in a numeric island.,Syntax discovery only; numeric range or behavioral proof is required.,
ROT-173,Rot,REVIEW,unused-export,DemoPage from app/demo/page.tsx,app/demo/page.tsx,15,medium,0,0,No reference to the exported symbol was found outside its defining file.,Not proven against a green baseline in a disposable copy.,
ROT-174,Rot,REVIEW,unused-export,ElementsPage from app/elements/page.tsx,app/elements/page.tsx,15,medium,0,0,No reference to the exported symbol was found outside its defining file.,Not proven against a green baseline in a disposable copy.,
ROT-175,Rot,REVIEW,unused-export,JadeComparePage from app/kit/jade/compare/page.tsx,app/kit/jade/compare/page.tsx,11,medium,0,0,No reference to the exported symbol was found outside its defining file.,Not proven against a green baseline in a disposable copy.,
ROT-176,Rot,REVIEW,unused-export,JadePage from app/kit/jade/page.tsx,app/kit/jade/page.tsx,15,medium,0,0,No reference to the exported symbol was found outside its defining file.,Not proven against a green baseline in a disposable copy.,
ROT-177,Rot,REVIEW,unused-export,OsKitPage from app/kit/os/page.tsx,app/kit/os/page.tsx,15,medium,0,0,No reference to the exported symbol was found outside its defining file.,Not proven against a green baseline in a disposable copy.,
ROT-178,Rot,REVIEW,unused-export,KitPage from app/kit/page.tsx,app/kit/page.tsx,14,medium,0,0,No reference to the exported symbol was found outside its defining file.,Not proven against a green baseline in a disposable copy.,
ROT-179,Rot,REVIEW,unused-export,ShadowPage from app/kit/shadow/page.tsx,app/kit/shadow/page.tsx,11,medium,0,0,No reference to the exported symbol was found outside its defining file.,Not proven against a green baseline in a disposable copy.,
ROT-180,Rot,REVIEW,unused-export,LabsPage from app/labs/page.tsx,app/labs/page.tsx,13,medium,0,0,No reference to the exported symbol was found outside its defining file.,Not proven against a green baseline in a disposable copy.,
ROT-001,Rot,REVIEW,orphan-file,app/labs/theme-workshop.tsx,app/labs/theme-workshop.tsx,,medium,330,20596,"No resolved static inbound import was found. The file is not a detected package or conventional entry point. Repository text contains possible references: app/labs/theme-workshop, app/labs/theme-workshop.tsx, theme-workshop, theme-workshop.tsx.",Not proven against a green baseline in a disposable copy.,
ROT-181,Rot,REVIEW,unused-export,RootLayout from app/layout.tsx,app/layout.tsx,29,medium,0,0,No reference to the exported symbol was found outside its defining file.,Not proven against a green baseline in a disposable copy.,
ROT-182,Rot,REVIEW,unused-export,PreviewPage from app/preview/page.tsx,app/preview/page.tsx,18,medium,0,0,No reference to the exported symbol was found outside its defining file.,Not proven against a green baseline in a disposable copy.,
ROT-183,Rot,REVIEW,unused-export,ProjectsPage from app/projects/page.tsx,app/projects/page.tsx,10,medium,0,0,No reference to the exported symbol was found outside its defining file.,Not proven against a green baseline in a disposable copy.,
ROT-184,Rot,REVIEW,unused-export,QualityPage from app/quality/page.tsx,app/quality/page.tsx,10,medium,0,0,No reference to the exported symbol was found outside its defining file.,Not proven against a green baseline in a disposable copy.,
ROT-185,Rot,REVIEW,unused-export,StudioPage from app/studio/page.tsx,app/studio/page.tsx,13,medium,0,0,No reference to the exported symbol was found outside its defining file.,Not proven against a green baseline in a disposable copy.,
ROT-186,Rot,REVIEW,unused-export,TemplatesPage from app/templates/page.tsx,app/templates/page.tsx,12,medium,0,0,No reference to the exported symbol was found outside its defining file.,Not proven against a green baseline in a disposable copy.,
ROT-187,Rot,REVIEW,unused-export,CopyCommand from components/copy-command.tsx,components/copy-command.tsx,12,medium,0,0,No reference to the exported symbol was found outside its defining file.,Not proven against a green baseline in a disposable copy.,
ROT-003,Rot,REVIEW,orphan-file,components/project-canvas.tsx,components/project-canvas.tsx,,medium,64,3311,"No resolved static inbound import was found. The file is not a detected package or conventional entry point. Repository text contains possible references: components/project-canvas, components/project-canvas.tsx, project-canvas, project-canvas.tsx.",Not proven against a green baseline in a disposable copy.,
ROT-004,Rot,REVIEW,orphan-file,components/site-footer.tsx,components/site-footer.tsx,,medium,8,215,"No resolved static inbound import was found. The file is not a detected package or conventional entry point. Repository text contains possible references: components/site-footer, site-footer.",Not proven against a green baseline in a disposable copy.,
ROT-005,Rot,REVIEW,orphan-file,components/site-header.tsx,components/site-header.tsx,,medium,199,9006,"No resolved static inbound import was found. The file is not a detected package or conventional entry point. Repository text contains possible references: components/site-header, components/site-header.tsx, site-header, site-header.tsx.",Not proven against a green baseline in a disposable copy.,
ROT-006,Rot,REVIEW,orphan-file,components/studio-nav.tsx,components/studio-nav.tsx,,medium,25,593,"No resolved static inbound import was found. The file is not a detected package or conventional entry point. Repository text contains possible references: components/studio-nav, studio-nav.",Not proven against a green baseline in a disposable copy.,
ROT-007,Rot,REVIEW,orphan-file,components/ui/badge.tsx,components/ui/badge.tsx,,medium,46,1496,"No resolved static inbound import was found. The file is not a detected package or conventional entry point. Repository text contains possible references: badge, badge.tsx, components/ui/badge.",Not proven against a green baseline in a disposable copy.,
ROT-008,Rot,REVIEW,orphan-file,components/ui/button.tsx,components/ui/button.tsx,,medium,58,1867,"No resolved static inbound import was found. The file is not a detected package or conventional entry point. Repository text contains possible references: button, button.tsx, components/ui/button, components/ui/button.tsx.",Not proven against a green baseline in a disposable copy.,
ROT-009,Rot,REVIEW,orphan-file,components/ui/card.tsx,components/ui/card.tsx,,medium,103,2630,"No resolved static inbound import was found. The file is not a detected package or conventional entry point. Repository text contains possible references: card, card.tsx.",Not proven against a green baseline in a disposable copy.,
ROT-010,Rot,REVIEW,orphan-file,components/ui/dialog.tsx,components/ui/dialog.tsx,,medium,141,3873,"No resolved static inbound import was found. The file is not a detected package or conventional entry point. Repository text contains possible references: components/ui/dialog, dialog, dialog.tsx.",Not proven against a green baseline in a disposable copy.,
ROT-011,Rot,REVIEW,orphan-file,components/ui/input.tsx,components/ui/input.tsx,,medium,25,1394,"No resolved static inbound import was found. The file is not a detected package or conventional entry point. Repository text contains possible references: components/ui/input, input, input.tsx.",Not proven against a green baseline in a disposable copy.,
ROT-012,Rot,REVIEW,orphan-file,lib/project-studio.ts,lib/project-studio.ts,,medium,275,18728,"No resolved static inbound import was found. The file is not a detected package or conventional entry point. Repository text contains possible references: lib/project-studio, lib/project-studio.ts, project-studio, project-studio.ts.",Not proven against a green baseline in a disposable copy.,
ROT-189,Rot,REVIEW,unused-export,defaultBriefs from lib/project-studio.ts,lib/project-studio.ts,131,medium,0,0,No reference to the exported symbol was found outside its defining file.,Not proven against a green baseline in a disposable copy.,
ROT-188,Rot,REVIEW,unused-export,TemplateFamily from lib/project-studio.ts,lib/project-studio.ts,34,medium,0,0,No reference to the exported symbol was found outside its defining file.,Not proven against a green baseline in a disposable copy.,
ROT-013,Rot,REVIEW,orphan-file,lib/shadow-system.ts,lib/shadow-system.ts,,medium,21,880,"No resolved static inbound import was found. The file is not a detected package or conventional entry point. Repository text contains possible references: lib/shadow-system, shadow-system.",Not proven against a green baseline in a disposable copy.,
ROT-014,Rot,REVIEW,orphan-file,lib/studio-library.ts,lib/studio-library.ts,,medium,191,37500,"No resolved static inbound import was found. The file is not a detected package or conventional entry point. Repository text contains possible references: lib/studio-library, lib/studio-library.ts, studio-library, studio-library.ts.",Not proven against a green baseline in a disposable copy.,
ROT-015,Rot,REVIEW,orphan-file,lib/theme-workshop.ts,lib/theme-workshop.ts,,medium,561,23748,"No resolved static inbound import was found. The file is not a detected package or conventional entry point. Repository text contains possible references: lib/theme-workshop, lib/theme-workshop.ts, theme-workshop, theme-workshop.ts.",Not proven against a green baseline in a disposable copy.,
ROT-191,Rot,REVIEW,unused-export,contrastRatio from lib/theme-workshop.ts,lib/theme-workshop.ts,317,medium,0,0,No reference to the exported symbol was found outside its defining file.,Not proven against a green baseline in a disposable copy.,
ROT-193,Rot,REVIEW,unused-export,workshopCssVars from lib/theme-workshop.ts,lib/theme-workshop.ts,496,medium,0,0,No reference to the exported symbol was found outside its defining file.,Not proven against a green baseline in a disposable copy.,
ROT-192,Rot,REVIEW,unused-export,themeBases from lib/theme-workshop.ts,lib/theme-workshop.ts,55,medium,0,0,No reference to the exported symbol was found outside its defining file.,Not proven against a green baseline in a disposable copy.,
ROT-190,Rot,REVIEW,unused-export,OklchColor from lib/theme-workshop.ts,lib/theme-workshop.ts,6,medium,0,0,No reference to the exported symbol was found outside its defining file.,Not proven against a green baseline in a disposable copy.,
ROT-016,Rot,REVIEW,orphan-file,lib/use-studio-projects.ts,lib/use-studio-projects.ts,,medium,145,4627,"No resolved static inbound import was found. The file is not a detected package or conventional entry point. Repository text contains possible references: lib/use-studio-projects, use-studio-projects.",Not proven against a green baseline in a disposable copy.,
ROT-017,Rot,REVIEW,orphan-file,lib/utils.ts,lib/utils.ts,,medium,6,166,"No resolved static inbound import was found. The file is not a detected package or conventional entry point. Repository text contains possible references: lib/utils, utils.",Not proven against a green baseline in a disposable copy.,
ROT-018,Rot,REVIEW,orphan-file,next-env.d.ts,next-env.d.ts,,medium,6,247,"No resolved static inbound import was found. The file is not a detected package or conventional entry point. Repository text contains possible references: next-env.d, next-env.d.ts.",Not proven against a green baseline in a disposable copy.,
ROT-167,Rot,REVIEW,unused-dependency,@base-ui/react (dependencies),package.json,,medium,0,0,No static import or repository text reference was found.,Not proven against a green baseline in a disposable copy.,
ROT-168,Rot,REVIEW,unused-dependency,@types/node (devDependencies),package.json,,medium,0,0,No static import or repository text reference was found.,Not proven against a green baseline in a disposable copy.,
ROT-169,Rot,REVIEW,unused-dependency,@types/react (devDependencies),package.json,,medium,0,0,No static import or repository text reference was found.,Not proven against a green baseline in a disposable copy.,
ROT-170,Rot,REVIEW,unused-dependency,@types/react-dom (devDependencies),package.json,,medium,0,0,No static import or repository text reference was found.,Not proven against a green baseline in a disposable copy.,
ROT-171,Rot,REVIEW,unused-dependency,react-dom (dependencies),package.json,,medium,0,0,No static import or repository text reference was found.,Not proven against a green baseline in a disposable copy.,
ROT-172,Rot,REVIEW,unused-dependency,typescript (devDependencies),package.json,,medium,0,0,No static import or repository text reference was found.,Not proven against a green baseline in a disposable copy.,
ROT-019,Rot,REVIEW,orphan-file,registry/elements/larson-scanner/larson-scanner.tsx,registry/elements/larson-scanner/larson-scanner.tsx,,medium,601,27381,"No resolved static inbound import was found. The file is not a detected package or conventional entry point. Repository text contains possible references: larson-scanner, larson-scanner.tsx, registry/elements/larson-scanner/larson-scanner, registry/elements/larson-scanner/larson-scanner.tsx.",Not proven against a green baseline in a disposable copy.,
ROT-020,Rot,REVIEW,orphan-file,registry/os/patterns/command-bar.tsx,registry/os/patterns/command-bar.tsx,,medium,50,3250,"No resolved static inbound import was found. The file is not a detected package or conventional entry point. Repository text contains possible references: command-bar, command-bar.tsx, registry/os/patterns/command-bar, registry/os/patterns/command-bar.tsx.",Not proven against a green baseline in a disposable copy.,
ROT-021,Rot,REVIEW,orphan-file,registry/os/patterns/desktop-shell.tsx,registry/os/patterns/desktop-shell.tsx,,medium,27,1306,"No resolved static inbound import was found. The file is not a detected package or conventional entry point. Repository text contains possible references: desktop-shell, desktop-shell.tsx, registry/os/patterns/desktop-shell, registry/os/patterns/desktop-shell.tsx.",Not proven against a green baseline in a disposable copy.,
ROT-022,Rot,REVIEW,orphan-file,registry/os/patterns/dock.tsx,registry/os/patterns/dock.tsx,,medium,42,1869,"No resolved static inbound import was found. The file is not a detected package or conventional entry point. Repository text contains possible references: dock, dock.tsx, registry/os/patterns/dock, registry/os/patterns/dock.tsx.",Not proven against a green baseline in a disposable copy.,
ROT-023,Rot,REVIEW,orphan-file,registry/os/patterns/master-detail.tsx,registry/os/patterns/master-detail.tsx,,medium,47,3553,"No resolved static inbound import was found. The file is not a detected package or conventional entry point. Repository text contains possible references: master-detail, master-detail.tsx, registry/os/patterns/master-detail, registry/os/patterns/master-detail.tsx.",Not proven against a green baseline in a disposable copy.,
ROT-024,Rot,REVIEW,orphan-file,registry/os/patterns/menu-bar.tsx,registry/os/patterns/menu-bar.tsx,,medium,33,1493,"No resolved static inbound import was found. The file is not a detected package or conventional entry point. Repository text contains possible references: menu-bar, menu-bar.tsx, registry/os/patterns/menu-bar, registry/os/patterns/menu-bar.tsx.",Not proven against a green baseline in a disposable copy.,
ROT-025,Rot,REVIEW,orphan-file,registry/os/patterns/settings-sheet.tsx,registry/os/patterns/settings-sheet.tsx,,medium,33,4092,"No resolved static inbound import was found. The file is not a detected package or conventional entry point. Repository text contains possible references: registry/os/patterns/settings-sheet, registry/os/patterns/settings-sheet.tsx, settings-sheet, settings-sheet.tsx.",Not proven against a green baseline in a disposable copy.,
ROT-026,Rot,REVIEW,orphan-file,registry/os/patterns/split-view.tsx,registry/os/patterns/split-view.tsx,,medium,21,1236,"No resolved static inbound import was found. The file is not a detected package or conventional entry point. Repository text contains possible references: registry/os/patterns/split-view, registry/os/patterns/split-view.tsx, split-view, split-view.tsx.",Not proven against a green baseline in a disposable copy.,
ROT-027,Rot,REVIEW,orphan-file,registry/os/patterns/widget-shell.tsx,registry/os/patterns/widget-shell.tsx,,medium,23,916,"No resolved static inbound import was found. The file is not a detected package or conventional entry point. Repository text contains possible references: registry/os/patterns/widget-shell, registry/os/patterns/widget-shell.tsx, widget-shell, widget-shell.tsx.",Not proven against a green baseline in a disposable copy.,
ROT-028,Rot,REVIEW,orphan-file,registry/os/patterns/window-shell.tsx,registry/os/patterns/window-shell.tsx,,medium,27,1481,"No resolved static inbound import was found. The file is not a detected package or conventional entry point. Repository text contains possible references: registry/os/patterns/window-shell, registry/os/patterns/window-shell.tsx, window-shell, window-shell.tsx.",Not proven against a green baseline in a disposable copy.,
ROT-029,Rot,REVIEW,orphan-file,registry/purple-rain/application/application-shell.tsx,registry/purple-rain/application/application-shell.tsx,,medium,58,1764,"No resolved static inbound import was found. The file is not a detected package or conventional entry point. Repository text contains possible references: application-shell, application-shell.tsx, registry/purple-rain/application/application-shell, registry/purple-rain/application/application-shell.tsx.",Not proven against a green baseline in a disposable copy.,
ROT-030,Rot,REVIEW,orphan-file,registry/purple-rain/application/document-surface.tsx,registry/purple-rain/application/document-surface.tsx,,medium,17,914,"No resolved static inbound import was found. The file is not a detected package or conventional entry point. Repository text contains possible references: document-surface, document-surface.tsx, registry/purple-rain/application/document-surface, registry/purple-rain/application/document-surface.tsx.",Not proven against a green baseline in a disposable copy.,
ROT-031,Rot,REVIEW,orphan-file,registry/purple-rain/application/editor-toolbar.tsx,registry/purple-rain/application/editor-toolbar.tsx,,medium,26,1237,"No resolved static inbound import was found. The file is not a detected package or conventional entry point. Repository text contains possible references: editor-toolbar, editor-toolbar.tsx, registry/purple-rain/application/editor-toolbar, registry/purple-rain/application/editor-toolbar.tsx.",Not proven against a green baseline in a disposable copy.,
ROT-032,Rot,REVIEW,orphan-file,registry/purple-rain/application/mobile-app-nav.tsx,registry/purple-rain/application/mobile-app-nav.tsx,,medium,13,918,"No resolved static inbound import was found. The file is not a detected package or conventional entry point. Repository text contains possible references: mobile-app-nav, mobile-app-nav.tsx, registry/purple-rain/application/mobile-app-nav, registry/purple-rain/application/mobile-app-nav.tsx.",Not proven against a green baseline in a disposable copy.,
ROT-033,Rot,REVIEW,orphan-file,registry/purple-rain/application/status-bar.tsx,registry/purple-rain/application/status-bar.tsx,,medium,13,611,"No resolved static inbound import was found. The file is not a detected package or conventional entry point. Repository text contains possible references: registry/purple-rain/application/status-bar, registry/purple-rain/application/status-bar.tsx, status-bar, status-bar.tsx.",Not proven against a green baseline in a disposable copy.,
ROT-034,Rot,REVIEW,orphan-file,registry/purple-rain/application/task-board.tsx,registry/purple-rain/application/task-board.tsx,,medium,21,1154,"No resolved static inbound import was found. The file is not a detected package or conventional entry point. Repository text contains possible references: registry/purple-rain/application/task-board, registry/purple-rain/application/task-board.tsx, task-board, task-board.tsx.",Not proven against a green baseline in a disposable copy.,
ROT-035,Rot,REVIEW,orphan-file,registry/purple-rain/application/task-rail.tsx,registry/purple-rain/application/task-rail.tsx,,medium,13,863,"No resolved static inbound import was found. The file is not a detected package or conventional entry point. Repository text contains possible references: registry/purple-rain/application/task-rail, registry/purple-rain/application/task-rail.tsx, task-rail, task-rail.tsx.",Not proven against a green baseline in a disposable copy.,
ROT-036,Rot,REVIEW,orphan-file,registry/purple-rain/application/terminal-surface.tsx,registry/purple-rain/application/terminal-surface.tsx,,medium,13,651,"No resolved static inbound import was found. The file is not a detected package or conventional entry point. Repository text contains possible references: registry/purple-rain/application/terminal-surface, registry/purple-rain/application/terminal-surface.tsx, terminal-surface, terminal-surface.tsx.",Not proven against a green baseline in a disposable copy.,
ROT-037,Rot,REVIEW,orphan-file,registry/purple-rain/application/viewer-shell.tsx,registry/purple-rain/application/viewer-shell.tsx,,medium,17,868,"No resolved static inbound import was found. The file is not a detected package or conventional entry point. Repository text contains possible references: registry/purple-rain/application/viewer-shell, registry/purple-rain/application/viewer-shell.tsx, viewer-shell, viewer-shell.tsx.",Not proven against a green baseline in a disposable copy.,
ROT-038,Rot,REVIEW,orphan-file,registry/purple-rain/application/workspace-tree.tsx,registry/purple-rain/application/workspace-tree.tsx,,medium,85,3258,"No resolved static inbound import was found. The file is not a detected package or conventional entry point. Repository text contains possible references: registry/purple-rain/application/workspace-tree, registry/purple-rain/application/workspace-tree.tsx, workspace-tree, workspace-tree.tsx.",Not proven against a green baseline in a disposable copy.,
ROT-039,Rot,REVIEW,orphan-file,registry/purple-rain/badge.tsx,registry/purple-rain/badge.tsx,,medium,32,1063,"No resolved static inbound import was found. The file is not a detected package or conventional entry point. Repository text contains possible references: badge, badge.tsx, registry/purple-rain/badge, registry/purple-rain/badge.tsx.",Not proven against a green baseline in a disposable copy.,
ROT-040,Rot,REVIEW,orphan-file,registry/purple-rain/button.tsx,registry/purple-rain/button.tsx,,medium,65,2702,"No resolved static inbound import was found. The file is not a detected package or conventional entry point. Repository text contains possible references: button, button.tsx, registry/purple-rain/button, registry/purple-rain/button.tsx.",Not proven against a green baseline in a disposable copy.,
ROT-041,Rot,REVIEW,orphan-file,registry/purple-rain/card.tsx,registry/purple-rain/card.tsx,,medium,50,1474,"No resolved static inbound import was found. The file is not a detected package or conventional entry point. Repository text contains possible references: card, card.tsx, registry/purple-rain/card, registry/purple-rain/card.tsx.",Not proven against a green baseline in a disposable copy.,
ROT-042,Rot,REVIEW,orphan-file,registry/purple-rain/dialog.tsx,registry/purple-rain/dialog.tsx,,medium,117,3912,"No resolved static inbound import was found. The file is not a detected package or conventional entry point. Repository text contains possible references: dialog, dialog.tsx, registry/purple-rain/dialog, registry/purple-rain/dialog.tsx.",Not proven against a green baseline in a disposable copy.,
ROT-043,Rot,REVIEW,orphan-file,registry/purple-rain/input.tsx,registry/purple-rain/input.tsx,,medium,26,1270,"No resolved static inbound import was found. The file is not a detected package or conventional entry point. Repository text contains possible references: input, input.tsx, registry/purple-rain/input, registry/purple-rain/input.tsx.",Not proven against a green baseline in a disposable copy.,
ROT-044,Rot,REVIEW,orphan-file,registry/purple-rain/library/accordion.tsx,registry/purple-rain/library/accordion.tsx,,medium,15,693,"No resolved static inbound import was found. The file is not a detected package or conventional entry point. Repository text contains possible references: accordion, accordion.tsx, registry/purple-rain/library/accordion, registry/purple-rain/library/accordion.tsx.",Not proven against a green baseline in a disposable copy.,
ROT-045,Rot,REVIEW,orphan-file,registry/purple-rain/library/action-menu.tsx,registry/purple-rain/library/action-menu.tsx,,medium,15,1247,"No resolved static inbound import was found. The file is not a detected package or conventional entry point. Repository text contains possible references: action-menu, action-menu.tsx, registry/purple-rain/library/action-menu, registry/purple-rain/library/action-menu.tsx.",Not proven against a green baseline in a disposable copy.,
ROT-046,Rot,REVIEW,orphan-file,registry/purple-rain/library/activity-feed.tsx,registry/purple-rain/library/activity-feed.tsx,,medium,15,701,"No resolved static inbound import was found. The file is not a detected package or conventional entry point. Repository text contains possible references: activity-feed, activity-feed.tsx, registry/purple-rain/library/activity-feed, registry/purple-rain/library/activity-feed.tsx.",Not proven against a green baseline in a disposable copy.,
ROT-047,Rot,REVIEW,orphan-file,registry/purple-rain/library/agenda.tsx,registry/purple-rain/library/agenda.tsx,,medium,15,669,"No resolved static inbound import was found. The file is not a detected package or conventional entry point. Repository text contains possible references: agenda, agenda.tsx, registry/purple-rain/library/agenda, registry/purple-rain/library/agenda.tsx.",Not proven against a green baseline in a disposable copy.,
ROT-048,Rot,REVIEW,orphan-file,registry/purple-rain/library/alert-dialog.tsx,registry/purple-rain/library/alert-dialog.tsx,,medium,15,1254,"No resolved static inbound import was found. The file is not a detected package or conventional entry point. Repository text contains possible references: alert-dialog, alert-dialog.tsx, registry/purple-rain/library/alert-dialog, registry/purple-rain/library/alert-dialog.tsx.",Not proven against a green baseline in a disposable copy.,
ROT-049,Rot,REVIEW,orphan-file,registry/purple-rain/library/alert.tsx,registry/purple-rain/library/alert.tsx,,medium,15,867,"No resolved static inbound import was found. The file is not a detected package or conventional entry point. Repository text contains possible references: alert, alert.tsx, registry/purple-rain/library/alert, registry/purple-rain/library/alert.tsx.",Not proven against a green baseline in a disposable copy.,
ROT-050,Rot,REVIEW,orphan-file,registry/purple-rain/library/anchor-nav.tsx,registry/purple-rain/library/anchor-nav.tsx,,medium,15,894,"No resolved static inbound import was found. The file is not a detected package or conventional entry point. Repository text contains possible references: anchor-nav, anchor-nav.tsx, registry/purple-rain/library/anchor-nav, registry/purple-rain/library/anchor-nav.tsx.",Not proven against a green baseline in a disposable copy.,
ROT-051,Rot,REVIEW,orphan-file,registry/purple-rain/library/app-shell.tsx,registry/purple-rain/library/app-shell.tsx,,medium,15,1045,"No resolved static inbound import was found. The file is not a detected package or conventional entry point. Repository text contains possible references: app-shell, app-shell.tsx, registry/purple-rain/library/app-shell, registry/purple-rain/library/app-shell.tsx.",Not proven against a green baseline in a disposable copy.,
ROT-052,Rot,REVIEW,orphan-file,registry/purple-rain/library/app-switcher.tsx,registry/purple-rain/library/app-switcher.tsx,,medium,15,908,"No resolved static inbound import was found. The file is not a detected package or conventional entry point. Repository text contains possible references: app-switcher, app-switcher.tsx, registry/purple-rain/library/app-switcher, registry/purple-rain/library/app-switcher.tsx.",Not proven against a green baseline in a disposable copy.,
ROT-053,Rot,REVIEW,orphan-file,registry/purple-rain/library/auth-card.tsx,registry/purple-rain/library/auth-card.tsx,,medium,15,1576,"No resolved static inbound import was found. The file is not a detected package or conventional entry point. Repository text contains possible references: auth-card, auth-card.tsx, registry/purple-rain/library/auth-card, registry/purple-rain/library/auth-card.tsx.",Not proven against a green baseline in a disposable copy.,
ROT-054,Rot,REVIEW,orphan-file,registry/purple-rain/library/avatar-group.tsx,registry/purple-rain/library/avatar-group.tsx,,medium,15,699,"No resolved static inbound import was found. The file is not a detected package or conventional entry point. Repository text contains possible references: avatar-group, avatar-group.tsx, registry/purple-rain/library/avatar-group, registry/purple-rain/library/avatar-group.tsx.",Not proven against a green baseline in a disposable copy.,
ROT-055,Rot,REVIEW,orphan-file,registry/purple-rain/library/avatar.tsx,registry/purple-rain/library/avatar.tsx,,medium,15,672,"No resolved static inbound import was found. The file is not a detected package or conventional entry point. Repository text contains possible references: avatar, avatar.tsx, registry/purple-rain/library/avatar, registry/purple-rain/library/avatar.tsx.",Not proven against a green baseline in a disposable copy.,
ROT-056,Rot,REVIEW,orphan-file,registry/purple-rain/library/back-link.tsx,registry/purple-rain/library/back-link.tsx,,medium,15,887,"No resolved static inbound import was found. The file is not a detected package or conventional entry point. Repository text contains possible references: back-link, back-link.tsx, registry/purple-rain/library/back-link, registry/purple-rain/library/back-link.tsx.",Not proven against a green baseline in a disposable copy.,
ROT-057,Rot,REVIEW,orphan-file,registry/purple-rain/library/banner.tsx,registry/purple-rain/library/banner.tsx,,medium,15,873,"No resolved static inbound import was found. The file is not a detected package or conventional entry point. Repository text contains possible references: banner, banner.tsx, registry/purple-rain/library/banner, registry/purple-rain/library/banner.tsx.",Not proven against a green baseline in a disposable copy.,
ROT-058,Rot,REVIEW,orphan-file,registry/purple-rain/library/bar-chart.tsx,registry/purple-rain/library/bar-chart.tsx,,medium,15,711,"No resolved static inbound import was found. The file is not a detected package or conventional entry point. Repository text contains possible references: bar-chart, bar-chart.tsx, registry/purple-rain/library/bar-chart, registry/purple-rain/library/bar-chart.tsx.",Not proven against a green baseline in a disposable copy.,
ROT-059,Rot,REVIEW,orphan-file,registry/purple-rain/library/bottom-nav.tsx,registry/purple-rain/library/bottom-nav.tsx,,medium,15,894,"No resolved static inbound import was found. The file is not a detected package or conventional entry point. Repository text contains possible references: bottom-nav, bottom-nav.tsx, registry/purple-rain/library/bottom-nav, registry/purple-rain/library/bottom-nav.tsx.",Not proven against a green baseline in a disposable copy.,
ROT-060,Rot,REVIEW,orphan-file,registry/purple-rain/library/breadcrumb.tsx,registry/purple-rain/library/breadcrumb.tsx,,medium,15,897,"No resolved static inbound import was found. The file is not a detected package or conventional entry point. Repository text contains possible references: breadcrumb, breadcrumb.tsx, registry/purple-rain/library/breadcrumb, registry/purple-rain/library/breadcrumb.tsx.",Not proven against a green baseline in a disposable copy.,
ROT-061,Rot,REVIEW,orphan-file,registry/purple-rain/library/bulk-action-bar.tsx,registry/purple-rain/library/bulk-action-bar.tsx,,medium,18,1113,"No resolved static inbound import was found. The file is not a detected package or conventional entry point. Repository text contains possible references: bulk-action-bar, bulk-action-bar.tsx, registry/purple-rain/library/bulk-action-bar, registry/purple-rain/library/bulk-action-bar.tsx.",Not proven against a green baseline in a disposable copy.,
ROT-062,Rot,REVIEW,orphan-file,registry/purple-rain/library/button-group.tsx,registry/purple-rain/library/button-group.tsx,,medium,18,1098,"No resolved static inbound import was found. The file is not a detected package or conventional entry point. Repository text contains possible references: button-group, button-group.tsx, registry/purple-rain/library/button-group, registry/purple-rain/library/button-group.tsx.",Not proven against a green baseline in a disposable copy.,
ROT-063,Rot,REVIEW,orphan-file,registry/purple-rain/library/calendar.tsx,registry/purple-rain/library/calendar.tsx,,medium,15,863,"No resolved static inbound import was found. The file is not a detected package or conventional entry point. Repository text contains possible references: calendar, calendar.tsx, registry/purple-rain/library/calendar, registry/purple-rain/library/calendar.tsx.",Not proven against a green baseline in a disposable copy.,
ROT-064,Rot,REVIEW,orphan-file,registry/purple-rain/library/carousel.tsx,registry/purple-rain/library/carousel.tsx,,medium,15,900,"No resolved static inbound import was found. The file is not a detected package or conventional entry point. Repository text contains possible references: carousel, carousel.tsx, registry/purple-rain/library/carousel, registry/purple-rain/library/carousel.tsx.",Not proven against a green baseline in a disposable copy.,
ROT-065,Rot,REVIEW,orphan-file,registry/purple-rain/library/cart-summary.tsx,registry/purple-rain/library/cart-summary.tsx,,medium,15,1303,"No resolved static inbound import was found. The file is not a detected package or conventional entry point. Repository text contains possible references: cart-summary, cart-summary.tsx, registry/purple-rain/library/cart-summary, registry/purple-rain/library/cart-summary.tsx.",Not proven against a green baseline in a disposable copy.,
ROT-066,Rot,REVIEW,orphan-file,registry/purple-rain/library/checkbox-group.tsx,registry/purple-rain/library/checkbox-group.tsx,,medium,15,837,"No resolved static inbound import was found. The file is not a detected package or conventional entry point. Repository text contains possible references: checkbox-group, checkbox-group.tsx, registry/purple-rain/library/checkbox-group, registry/purple-rain/library/checkbox-group.tsx.",Not proven against a green baseline in a disposable copy.,
ROT-067,Rot,REVIEW,orphan-file,registry/purple-rain/library/checkbox.tsx,registry/purple-rain/library/checkbox.tsx,,medium,15,798,"No resolved static inbound import was found. The file is not a detected package or conventional entry point. Repository text contains possible references: checkbox, checkbox.tsx, registry/purple-rain/library/checkbox, registry/purple-rain/library/checkbox.tsx.",Not proven against a green baseline in a disposable copy.,
ROT-068,Rot,REVIEW,orphan-file,registry/purple-rain/library/checkout-form.tsx,registry/purple-rain/library/checkout-form.tsx,,medium,15,1600,"No resolved static inbound import was found. The file is not a detected package or conventional entry point. Repository text contains possible references: checkout-form, checkout-form.tsx, registry/purple-rain/library/checkout-form, registry/purple-rain/library/checkout-form.tsx.",Not proven against a green baseline in a disposable copy.,
ROT-069,Rot,REVIEW,orphan-file,registry/purple-rain/library/collapsible.tsx,registry/purple-rain/library/collapsible.tsx,,medium,15,705,"No resolved static inbound import was found. The file is not a detected package or conventional entry point. Repository text contains possible references: collapsible, collapsible.tsx, registry/purple-rain/library/collapsible, registry/purple-rain/library/collapsible.tsx.",Not proven against a green baseline in a disposable copy.,
ROT-070,Rot,REVIEW,orphan-file,registry/purple-rain/library/color-input.tsx,registry/purple-rain/library/color-input.tsx,,medium,15,863,"No resolved static inbound import was found. The file is not a detected package or conventional entry point. Repository text contains possible references: color-input, color-input.tsx, registry/purple-rain/library/color-input, registry/purple-rain/library/color-input.tsx.",Not proven against a green baseline in a disposable copy.,
ROT-071,Rot,REVIEW,orphan-file,registry/purple-rain/library/color-swatch.tsx,registry/purple-rain/library/color-swatch.tsx,,medium,15,662,"No resolved static inbound import was found. The file is not a detected package or conventional entry point. Repository text contains possible references: color-swatch, color-swatch.tsx, registry/purple-rain/library/color-swatch, registry/purple-rain/library/color-swatch.tsx.",Not proven against a green baseline in a disposable copy.,
ROT-072,Rot,REVIEW,orphan-file,registry/purple-rain/library/combobox.tsx,registry/purple-rain/library/combobox.tsx,,medium,15,851,"No resolved static inbound import was found. The file is not a detected package or conventional entry point. Repository text contains possible references: combobox, combobox.tsx, registry/purple-rain/library/combobox, registry/purple-rain/library/combobox.tsx.",Not proven against a green baseline in a disposable copy.,
ROT-073,Rot,REVIEW,orphan-file,registry/purple-rain/library/command-menu.tsx,registry/purple-rain/library/command-menu.tsx,,medium,15,908,"No resolved static inbound import was found. The file is not a detected package or conventional entry point. Repository text contains possible references: command-menu, command-menu.tsx, registry/purple-rain/library/command-menu, registry/purple-rain/library/command-menu.tsx.",Not proven against a green baseline in a disposable copy.,
ROT-074,Rot,REVIEW,orphan-file,registry/purple-rain/library/command-palette.tsx,registry/purple-rain/library/command-palette.tsx,,medium,15,1275,"No resolved static inbound import was found. The file is not a detected package or conventional entry point. Repository text contains possible references: command-palette, command-palette.tsx, registry/purple-rain/library/command-palette, registry/purple-rain/library/command-palette.tsx.",Not proven against a green baseline in a disposable copy.,
ROT-075,Rot,REVIEW,orphan-file,registry/purple-rain/library/contact-form.tsx,registry/purple-rain/library/contact-form.tsx,,medium,15,1594,"No resolved static inbound import was found. The file is not a detected package or conventional entry point. Repository text contains possible references: contact-form, contact-form.tsx, registry/purple-rain/library/contact-form, registry/purple-rain/library/contact-form.tsx.",Not proven against a green baseline in a disposable copy.,
ROT-076,Rot,REVIEW,orphan-file,registry/purple-rain/library/container.tsx,registry/purple-rain/library/container.tsx,,medium,15,558,"No resolved static inbound import was found. The file is not a detected package or conventional entry point. Repository text contains possible references: container, container.tsx, registry/purple-rain/library/container, registry/purple-rain/library/container.tsx.",Not proven against a green baseline in a disposable copy.,
ROT-077,Rot,REVIEW,orphan-file,registry/purple-rain/library/context-menu.tsx,registry/purple-rain/library/context-menu.tsx,,medium,15,1254,"No resolved static inbound import was found. The file is not a detected package or conventional entry point. Repository text contains possible references: context-menu, context-menu.tsx, registry/purple-rain/library/context-menu, registry/purple-rain/library/context-menu.tsx.",Not proven against a green baseline in a disposable copy.,
ROT-078,Rot,REVIEW,orphan-file,registry/purple-rain/library/copy-button.tsx,registry/purple-rain/library/copy-button.tsx,,medium,18,1102,"No resolved static inbound import was found. The file is not a detected package or conventional entry point. Repository text contains possible references: copy-button, copy-button.tsx, registry/purple-rain/library/copy-button, registry/purple-rain/library/copy-button.tsx.",Not proven against a green baseline in a disposable copy.,
ROT-079,Rot,REVIEW,orphan-file,registry/purple-rain/library/data-table.tsx,registry/purple-rain/library/data-table.tsx,,medium,15,798,"No resolved static inbound import was found. The file is not a detected package or conventional entry point. Repository text contains possible references: data-table, data-table.tsx, registry/purple-rain/library/data-table, registry/purple-rain/library/data-table.tsx.",Not proven against a green baseline in a disposable copy.,
ROT-080,Rot,REVIEW,orphan-file,registry/purple-rain/library/date-picker.tsx,registry/purple-rain/library/date-picker.tsx,,medium,15,862,"No resolved static inbound import was found. The file is not a detected package or conventional entry point. Repository text contains possible references: date-picker, date-picker.tsx, registry/purple-rain/library/date-picker, registry/purple-rain/library/date-picker.tsx.",Not proven against a green baseline in a disposable copy.,
ROT-081,Rot,REVIEW,orphan-file,registry/purple-rain/library/description-list.tsx,registry/purple-rain/library/description-list.tsx,,medium,15,755,"No resolved static inbound import was found. The file is not a detected package or conventional entry point. Repository text contains possible references: description-list, description-list.tsx, registry/purple-rain/library/description-list, registry/purple-rain/library/description-list.tsx.",Not proven against a green baseline in a disposable copy.,
ROT-082,Rot,REVIEW,orphan-file,registry/purple-rain/library/donut-chart.tsx,registry/purple-rain/library/donut-chart.tsx,,medium,15,723,"No resolved static inbound import was found. The file is not a detected package or conventional entry point. Repository text contains possible references: donut-chart, donut-chart.tsx, registry/purple-rain/library/donut-chart, registry/purple-rain/library/donut-chart.tsx.",Not proven against a green baseline in a disposable copy.,
ROT-083,Rot,REVIEW,orphan-file,registry/purple-rain/library/drawer.tsx,registry/purple-rain/library/drawer.tsx,,medium,15,1215,"No resolved static inbound import was found. The file is not a detected package or conventional entry point. Repository text contains possible references: drawer, drawer.tsx, registry/purple-rain/library/drawer, registry/purple-rain/library/drawer.tsx.",Not proven against a green baseline in a disposable copy.,
ROT-084,Rot,REVIEW,orphan-file,registry/purple-rain/library/dropdown-menu.tsx,registry/purple-rain/library/dropdown-menu.tsx,,medium,15,1261,"No resolved static inbound import was found. The file is not a detected package or conventional entry point. Repository text contains possible references: dropdown-menu, dropdown-menu.tsx, registry/purple-rain/library/dropdown-menu, registry/purple-rain/library/dropdown-menu.tsx.",Not proven against a green baseline in a disposable copy.,
ROT-085,Rot,REVIEW,orphan-file,registry/purple-rain/library/dropzone.tsx,registry/purple-rain/library/dropzone.tsx,,medium,15,746,"No resolved static inbound import was found. The file is not a detected package or conventional entry point. Repository text contains possible references: dropzone, dropzone.tsx, registry/purple-rain/library/dropzone, registry/purple-rain/library/dropzone.tsx.",Not proven against a green baseline in a disposable copy.,
ROT-086,Rot,REVIEW,orphan-file,registry/purple-rain/library/empty-state.tsx,registry/purple-rain/library/empty-state.tsx,,medium,15,1101,"No resolved static inbound import was found. The file is not a detected package or conventional entry point. Repository text contains possible references: empty-state, empty-state.tsx, registry/purple-rain/library/empty-state, registry/purple-rain/library/empty-state.tsx.",Not proven against a green baseline in a disposable copy.,
ROT-087,Rot,REVIEW,orphan-file,registry/purple-rain/library/error-state.tsx,registry/purple-rain/library/error-state.tsx,,medium,15,691,"No resolved static inbound import was found. The file is not a detected package or conventional entry point. Repository text contains possible references: error-state, error-state.tsx, registry/purple-rain/library/error-state, registry/purple-rain/library/error-state.tsx.",Not proven against a green baseline in a disposable copy.,
ROT-088,Rot,REVIEW,orphan-file,registry/purple-rain/library/favorite-button.tsx,registry/purple-rain/library/favorite-button.tsx,,medium,18,1178,"No resolved static inbound import was found. The file is not a detected package or conventional entry point. Repository text contains possible references: favorite-button, favorite-button.tsx, registry/purple-rain/library/favorite-button, registry/purple-rain/library/favorite-button.tsx.",Not proven against a green baseline in a disposable copy.,
ROT-089,Rot,REVIEW,orphan-file,registry/purple-rain/library/feedback-form.tsx,registry/purple-rain/library/feedback-form.tsx,,medium,15,1600,"No resolved static inbound import was found. The file is not a detected package or conventional entry point. Repository text contains possible references: feedback-form, feedback-form.tsx, registry/purple-rain/library/feedback-form, registry/purple-rain/library/feedback-form.tsx.",Not proven against a green baseline in a disposable copy.,
ROT-090,Rot,REVIEW,orphan-file,registry/purple-rain/library/field.tsx,registry/purple-rain/library/field.tsx,,medium,15,833,"No resolved static inbound import was found. The file is not a detected package or conventional entry point. Repository text contains possible references: field, field.tsx, registry/purple-rain/library/field, registry/purple-rain/library/field.tsx.",Not proven against a green baseline in a disposable copy.,
ROT-091,Rot,REVIEW,orphan-file,registry/purple-rain/library/file-upload.tsx,registry/purple-rain/library/file-upload.tsx,,medium,15,758,"No resolved static inbound import was found. The file is not a detected package or conventional entry point. Repository text contains possible references: file-upload, file-upload.tsx, registry/purple-rain/library/file-upload, registry/purple-rain/library/file-upload.tsx.",Not proven against a green baseline in a disposable copy.,
ROT-092,Rot,REVIEW,orphan-file,registry/purple-rain/library/filter-bar.tsx,registry/purple-rain/library/filter-bar.tsx,,medium,15,1259,"No resolved static inbound import was found. The file is not a detected package or conventional entry point. Repository text contains possible references: filter-bar, filter-bar.tsx, registry/purple-rain/library/filter-bar, registry/purple-rain/library/filter-bar.tsx.",Not proven against a green baseline in a disposable copy.,
ROT-093,Rot,REVIEW,orphan-file,registry/purple-rain/library/filter-tabs.tsx,registry/purple-rain/library/filter-tabs.tsx,,medium,18,950,"No resolved static inbound import was found. The file is not a detected package or conventional entry point. Repository text contains possible references: filter-tabs, filter-tabs.tsx, registry/purple-rain/library/filter-tabs, registry/purple-rain/library/filter-tabs.tsx.",Not proven against a green baseline in a disposable copy.,
ROT-094,Rot,REVIEW,orphan-file,registry/purple-rain/library/floating-action-button.tsx,registry/purple-rain/library/floating-action-button.tsx,,medium,18,1166,"No resolved static inbound import was found. The file is not a detected package or conventional entry point. Repository text contains possible references: floating-action-button, floating-action-button.tsx, registry/purple-rain/library/floating-action-button, registry/purple-rain/library/floating-action-button.tsx.",Not proven against a green baseline in a disposable copy.,
ROT-095,Rot,REVIEW,orphan-file,registry/purple-rain/library/focus-ring.tsx,registry/purple-rain/library/focus-ring.tsx,,medium,15,811,"No resolved static inbound import was found. The file is not a detected package or conventional entry point. Repository text contains possible references: focus-ring, focus-ring.tsx, registry/purple-rain/library/focus-ring, registry/purple-rain/library/focus-ring.tsx.",Not proven against a green baseline in a disposable copy.,
ROT-096,Rot,REVIEW,orphan-file,registry/purple-rain/library/forgot-password-form.tsx,registry/purple-rain/library/forgot-password-form.tsx,,medium,15,1639,"No resolved static inbound import was found. The file is not a detected package or conventional entry point. Repository text contains possible references: forgot-password-form, forgot-password-form.tsx, registry/purple-rain/library/forgot-password-form, registry/purple-rain/library/forgot-password-form.tsx.",Not proven against a green baseline in a disposable copy.,
ROT-097,Rot,REVIEW,orphan-file,registry/purple-rain/library/hover-card.tsx,registry/purple-rain/library/hover-card.tsx,,medium,15,1240,"No resolved static inbound import was found. The file is not a detected package or conventional entry point. Repository text contains possible references: hover-card, hover-card.tsx, registry/purple-rain/library/hover-card, registry/purple-rain/library/hover-card.tsx.",Not proven against a green baseline in a disposable copy.,
ROT-098,Rot,REVIEW,orphan-file,registry/purple-rain/library/icon-button.tsx,registry/purple-rain/library/icon-button.tsx,,medium,18,1103,"No resolved static inbound import was found. The file is not a detected package or conventional entry point. Repository text contains possible references: icon-button, icon-button.tsx, registry/purple-rain/library/icon-button, registry/purple-rain/library/icon-button.tsx.",Not proven against a green baseline in a disposable copy.,
ROT-099,Rot,REVIEW,orphan-file,registry/purple-rain/library/inline-edit.tsx,registry/purple-rain/library/inline-edit.tsx,,medium,15,866,"No resolved static inbound import was found. The file is not a detected package or conventional entry point. Repository text contains possible references: inline-edit, inline-edit.tsx, registry/purple-rain/library/inline-edit, registry/purple-rain/library/inline-edit.tsx.",Not proven against a green baseline in a disposable copy.,
ROT-100,Rot,REVIEW,orphan-file,registry/purple-rain/library/invite-form.tsx,registry/purple-rain/library/invite-form.tsx,,medium,15,1588,"No resolved static inbound import was found. The file is not a detected package or conventional entry point. Repository text contains possible references: invite-form, invite-form.tsx, registry/purple-rain/library/invite-form, registry/purple-rain/library/invite-form.tsx.",Not proven against a green baseline in a disposable copy.,
ROT-101,Rot,REVIEW,orphan-file,registry/purple-rain/library/lightbox.tsx,registry/purple-rain/library/lightbox.tsx,,medium,15,1229,"No resolved static inbound import was found. The file is not a detected package or conventional entry point. Repository text contains possible references: lightbox, lightbox.tsx, registry/purple-rain/library/lightbox, registry/purple-rain/library/lightbox.tsx.",Not proven against a green baseline in a disposable copy.,
ROT-102,Rot,REVIEW,orphan-file,registry/purple-rain/library/link-button.tsx,registry/purple-rain/library/link-button.tsx,,medium,18,1103,"No resolved static inbound import was found. The file is not a detected package or conventional entry point. Repository text contains possible references: link-button, link-button.tsx, registry/purple-rain/library/link-button, registry/purple-rain/library/link-button.tsx.",Not proven against a green baseline in a disposable copy.,
ROT-103,Rot,REVIEW,orphan-file,registry/purple-rain/library/list-item.tsx,registry/purple-rain/library/list-item.tsx,,medium,15,703,"No resolved static inbound import was found. The file is not a detected package or conventional entry point. Repository text contains possible references: list-item, list-item.tsx, registry/purple-rain/library/list-item, registry/purple-rain/library/list-item.tsx.",Not proven against a green baseline in a disposable copy.,
ROT-104,Rot,REVIEW,orphan-file,registry/purple-rain/library/list.tsx,registry/purple-rain/library/list.tsx,,medium,15,681,"No resolved static inbound import was found. The file is not a detected package or conventional entry point. Repository text contains possible references: list, list.tsx, registry/purple-rain/library/list, registry/purple-rain/library/list.tsx.",Not proven against a green baseline in a disposable copy.,
ROT-105,Rot,REVIEW,orphan-file,registry/purple-rain/library/loading-dots.tsx,registry/purple-rain/library/loading-dots.tsx,,medium,15,718,"No resolved static inbound import was found. The file is not a detected package or conventional entry point. Repository text contains possible references: loading-dots, loading-dots.tsx, registry/purple-rain/library/loading-dots, registry/purple-rain/library/loading-dots.tsx.",Not proven against a green baseline in a disposable copy.,
ROT-106,Rot,REVIEW,orphan-file,registry/purple-rain/library/menu-button.tsx,registry/purple-rain/library/menu-button.tsx,,medium,15,1480,"No resolved static inbound import was found. The file is not a detected package or conventional entry point. Repository text contains possible references: menu-button, menu-button.tsx, registry/purple-rain/library/menu-button, registry/purple-rain/library/menu-button.tsx.",Not proven against a green baseline in a disposable copy.,
ROT-107,Rot,REVIEW,orphan-file,registry/purple-rain/library/meter.tsx,registry/purple-rain/library/meter.tsx,,medium,15,654,"No resolved static inbound import was found. The file is not a detected package or conventional entry point. Repository text contains possible references: meter, meter.tsx, registry/purple-rain/library/meter, registry/purple-rain/library/meter.tsx.",Not proven against a green baseline in a disposable copy.,
ROT-108,Rot,REVIEW,orphan-file,registry/purple-rain/library/navigation-menu.tsx,registry/purple-rain/library/navigation-menu.tsx,,medium,15,929,"No resolved static inbound import was found. The file is not a detected package or conventional entry point. Repository text contains possible references: navigation-menu, navigation-menu.tsx, registry/purple-rain/library/navigation-menu, registry/purple-rain/library/navigation-menu.tsx.",Not proven against a green baseline in a disposable copy.,
ROT-109,Rot,REVIEW,orphan-file,registry/purple-rain/library/notification-center.tsx,registry/purple-rain/library/notification-center.tsx,,medium,15,1039,"No resolved static inbound import was found. The file is not a detected package or conventional entry point. Repository text contains possible references: notification-center, notification-center.tsx, registry/purple-rain/library/notification-center, registry/purple-rain/library/notification-center.tsx.",Not proven against a green baseline in a disposable copy.,
ROT-110,Rot,REVIEW,orphan-file,registry/purple-rain/library/number-input.tsx,registry/purple-rain/library/number-input.tsx,,medium,15,865,"No resolved static inbound import was found. The file is not a detected package or conventional entry point. Repository text contains possible references: number-input, number-input.tsx, registry/purple-rain/library/number-input, registry/purple-rain/library/number-input.tsx.",Not proven against a green baseline in a disposable copy.,
ROT-111,Rot,REVIEW,orphan-file,registry/purple-rain/library/offline-state.tsx,registry/purple-rain/library/offline-state.tsx,,medium,15,706,"No resolved static inbound import was found. The file is not a detected package or conventional entry point. Repository text contains possible references: offline-state, offline-state.tsx, registry/purple-rain/library/offline-state, registry/purple-rain/library/offline-state.tsx.",Not proven against a green baseline in a disposable copy.,
ROT-112,Rot,REVIEW,orphan-file,registry/purple-rain/library/order-summary.tsx,registry/purple-rain/library/order-summary.tsx,,medium,15,1309,"No resolved static inbound import was found. The file is not a detected package or conventional entry point. Repository text contains possible references: order-summary, order-summary.tsx, registry/purple-rain/library/order-summary, registry/purple-rain/library/order-summary.tsx.",Not proven against a green baseline in a disposable copy.,
ROT-113,Rot,REVIEW,orphan-file,registry/purple-rain/library/otp-input.tsx,registry/purple-rain/library/otp-input.tsx,,medium,15,854,"No resolved static inbound import was found. The file is not a detected package or conventional entry point. Repository text contains possible references: otp-input, otp-input.tsx, registry/purple-rain/library/otp-input, registry/purple-rain/library/otp-input.tsx.",Not proven against a green baseline in a disposable copy.,
ROT-114,Rot,REVIEW,orphan-file,registry/purple-rain/library/page-header.tsx,registry/purple-rain/library/page-header.tsx,,medium,15,901,"No resolved static inbound import was found. The file is not a detected package or conventional entry point. Repository text contains possible references: page-header, page-header.tsx, registry/purple-rain/library/page-header, registry/purple-rain/library/page-header.tsx.",Not proven against a green baseline in a disposable copy.,
ROT-115,Rot,REVIEW,orphan-file,registry/purple-rain/library/pagination.tsx,registry/purple-rain/library/pagination.tsx,,medium,18,947,"No resolved static inbound import was found. The file is not a detected package or conventional entry point. Repository text contains possible references: pagination, pagination.tsx, registry/purple-rain/library/pagination, registry/purple-rain/library/pagination.tsx.",Not proven against a green baseline in a disposable copy.,
ROT-116,Rot,REVIEW,orphan-file,registry/purple-rain/library/password-input.tsx,registry/purple-rain/library/password-input.tsx,,medium,15,884,"No resolved static inbound import was found. The file is not a detected package or conventional entry point. Repository text contains possible references: password-input, password-input.tsx, registry/purple-rain/library/password-input, registry/purple-rain/library/password-input.tsx.",Not proven against a green baseline in a disposable copy.,
ROT-117,Rot,REVIEW,orphan-file,registry/purple-rain/library/popover.tsx,registry/purple-rain/library/popover.tsx,,medium,15,1222,"No resolved static inbound import was found. The file is not a detected package or conventional entry point. Repository text contains possible references: popover, popover.tsx, registry/purple-rain/library/popover, registry/purple-rain/library/popover.tsx.",Not proven against a green baseline in a disposable copy.,
ROT-118,Rot,REVIEW,orphan-file,registry/purple-rain/library/pricing-card.tsx,registry/purple-rain/library/pricing-card.tsx,,medium,15,1216,"No resolved static inbound import was found. The file is not a detected package or conventional entry point. Repository text contains possible references: pricing-card, pricing-card.tsx, registry/purple-rain/library/pricing-card, registry/purple-rain/library/pricing-card.tsx.",Not proven against a green baseline in a disposable copy.,
ROT-119,Rot,REVIEW,orphan-file,registry/purple-rain/library/pricing-table.tsx,registry/purple-rain/library/pricing-table.tsx,,medium,15,1221,"No resolved static inbound import was found. The file is not a detected package or conventional entry point. Repository text contains possible references: pricing-table, pricing-table.tsx, registry/purple-rain/library/pricing-table, registry/purple-rain/library/pricing-table.tsx.",Not proven against a green baseline in a disposable copy.,
ROT-120,Rot,REVIEW,orphan-file,registry/purple-rain/library/profile-form.tsx,registry/purple-rain/library/profile-form.tsx,,medium,15,1594,"No resolved static inbound import was found. The file is not a detected package or conventional entry point. Repository text contains possible references: profile-form, profile-form.tsx, registry/purple-rain/library/profile-form, registry/purple-rain/library/profile-form.tsx.",Not proven against a green baseline in a disposable copy.,
ROT-121,Rot,REVIEW,orphan-file,registry/purple-rain/library/progress-card.tsx,registry/purple-rain/library/progress-card.tsx,,medium,15,912,"No resolved static inbound import was found. The file is not a detected package or conventional entry point. Repository text contains possible references: progress-card, progress-card.tsx, registry/purple-rain/library/progress-card, registry/purple-rain/library/progress-card.tsx.",Not proven against a green baseline in a disposable copy.,
ROT-122,Rot,REVIEW,orphan-file,registry/purple-rain/library/progress.tsx,registry/purple-rain/library/progress.tsx,,medium,15,672,"No resolved static inbound import was found. The file is not a detected package or conventional entry point. Repository text contains possible references: progress, progress.tsx, registry/purple-rain/library/progress, registry/purple-rain/library/progress.tsx.",Not proven against a green baseline in a disposable copy.,
ROT-123,Rot,REVIEW,orphan-file,registry/purple-rain/library/radio-group.tsx,registry/purple-rain/library/radio-group.tsx,,medium,15,813,"No resolved static inbound import was found. The file is not a detected package or conventional entry point. Repository text contains possible references: radio-group, radio-group.tsx, registry/purple-rain/library/radio-group, registry/purple-rain/library/radio-group.tsx.",Not proven against a green baseline in a disposable copy.,
ROT-124,Rot,REVIEW,orphan-file,registry/purple-rain/library/radius-guide.tsx,registry/purple-rain/library/radius-guide.tsx,,medium,15,685,"No resolved static inbound import was found. The file is not a detected package or conventional entry point. Repository text contains possible references: radius-guide, radius-guide.tsx, registry/purple-rain/library/radius-guide, registry/purple-rain/library/radius-guide.tsx.",Not proven against a green baseline in a disposable copy.,
ROT-125,Rot,REVIEW,orphan-file,registry/purple-rain/library/range-slider.tsx,registry/purple-rain/library/range-slider.tsx,,medium,15,693,"No resolved static inbound import was found. The file is not a detected package or conventional entry point. Repository text contains possible references: range-slider, range-slider.tsx, registry/purple-rain/library/range-slider, registry/purple-rain/library/range-slider.tsx.",Not proven against a green baseline in a disposable copy.,
ROT-126,Rot,REVIEW,orphan-file,registry/purple-rain/library/rating.tsx,registry/purple-rain/library/rating.tsx,,medium,18,821,"No resolved static inbound import was found. The file is not a detected package or conventional entry point. Repository text contains possible references: rating, rating.tsx, registry/purple-rain/library/rating, registry/purple-rain/library/rating.tsx.",Not proven against a green baseline in a disposable copy.,
ROT-127,Rot,REVIEW,orphan-file,registry/purple-rain/library/search-field.tsx,registry/purple-rain/library/search-field.tsx,,medium,15,872,"No resolved static inbound import was found. The file is not a detected package or conventional entry point. Repository text contains possible references: registry/purple-rain/library/search-field, registry/purple-rain/library/search-field.tsx, search-field, search-field.tsx.",Not proven against a green baseline in a disposable copy.,
ROT-128,Rot,REVIEW,orphan-file,registry/purple-rain/library/search-results.tsx,registry/purple-rain/library/search-results.tsx,,medium,15,1279,"No resolved static inbound import was found. The file is not a detected package or conventional entry point. Repository text contains possible references: registry/purple-rain/library/search-results, registry/purple-rain/library/search-results.tsx, search-results, search-results.tsx.",Not proven against a green baseline in a disposable copy.,
ROT-129,Rot,REVIEW,orphan-file,registry/purple-rain/library/segmented-control.tsx,registry/purple-rain/library/segmented-control.tsx,,medium,18,1128,"No resolved static inbound import was found. The file is not a detected package or conventional entry point. Repository text contains possible references: registry/purple-rain/library/segmented-control, registry/purple-rain/library/segmented-control.tsx, segmented-control, segmented-control.tsx.",Not proven against a green baseline in a disposable copy.,
ROT-130,Rot,REVIEW,orphan-file,registry/purple-rain/library/select.tsx,registry/purple-rain/library/select.tsx,,medium,15,852,"No resolved static inbound import was found. The file is not a detected package or conventional entry point. Repository text contains possible references: registry/purple-rain/library/select, registry/purple-rain/library/select.tsx, select, select.tsx.",Not proven against a green baseline in a disposable copy.,
ROT-131,Rot,REVIEW,orphan-file,registry/purple-rain/library/separator.tsx,registry/purple-rain/library/separator.tsx,,medium,15,560,"No resolved static inbound import was found. The file is not a detected package or conventional entry point. Repository text contains possible references: registry/purple-rain/library/separator, registry/purple-rain/library/separator.tsx, separator, separator.tsx.",Not proven against a green baseline in a disposable copy.,
ROT-132,Rot,REVIEW,orphan-file,registry/purple-rain/library/settings-panel.tsx,registry/purple-rain/library/settings-panel.tsx,,medium,15,1606,"No resolved static inbound import was found. The file is not a detected package or conventional entry point. Repository text contains possible references: registry/purple-rain/library/settings-panel, registry/purple-rain/library/settings-panel.tsx, settings-panel, settings-panel.tsx.",Not proven against a green baseline in a disposable copy.,
ROT-133,Rot,REVIEW,orphan-file,registry/purple-rain/library/shadow-guide.tsx,registry/purple-rain/library/shadow-guide.tsx,,medium,15,673,"No resolved static inbound import was found. The file is not a detected package or conventional entry point. Repository text contains possible references: registry/purple-rain/library/shadow-guide, registry/purple-rain/library/shadow-guide.tsx, shadow-guide, shadow-guide.tsx.",Not proven against a green baseline in a disposable copy.,
ROT-134,Rot,REVIEW,orphan-file,registry/purple-rain/library/sheet.tsx,registry/purple-rain/library/sheet.tsx,,medium,15,1208,"No resolved static inbound import was found. The file is not a detected package or conventional entry point. Repository text contains possible references: registry/purple-rain/library/sheet, registry/purple-rain/library/sheet.tsx, sheet, sheet.tsx.",Not proven against a green baseline in a disposable copy.,
ROT-135,Rot,REVIEW,orphan-file,registry/purple-rain/library/sidebar.tsx,registry/purple-rain/library/sidebar.tsx,,medium,15,876,"No resolved static inbound import was found. The file is not a detected package or conventional entry point. Repository text contains possible references: registry/purple-rain/library/sidebar, registry/purple-rain/library/sidebar.tsx, sidebar, sidebar.tsx.",Not proven against a green baseline in a disposable copy.,
ROT-136,Rot,REVIEW,orphan-file,registry/purple-rain/library/sign-in-form.tsx,registry/purple-rain/library/sign-in-form.tsx,,medium,15,1591,"No resolved static inbound import was found. The file is not a detected package or conventional entry point. Repository text contains possible references: registry/purple-rain/library/sign-in-form, registry/purple-rain/library/sign-in-form.tsx, sign-in-form, sign-in-form.tsx.",Not proven against a green baseline in a disposable copy.,
ROT-137,Rot,REVIEW,orphan-file,registry/purple-rain/library/sign-up-form.tsx,registry/purple-rain/library/sign-up-form.tsx,,medium,15,1591,"No resolved static inbound import was found. The file is not a detected package or conventional entry point. Repository text contains possible references: registry/purple-rain/library/sign-up-form, registry/purple-rain/library/sign-up-form.tsx, sign-up-form, sign-up-form.tsx.",Not proven against a green baseline in a disposable copy.,
ROT-138,Rot,REVIEW,orphan-file,registry/purple-rain/library/skeleton.tsx,registry/purple-rain/library/skeleton.tsx,,medium,15,701,"No resolved static inbound import was found. The file is not a detected package or conventional entry point. Repository text contains possible references: registry/purple-rain/library/skeleton, registry/purple-rain/library/skeleton.tsx, skeleton, skeleton.tsx.",Not proven against a green baseline in a disposable copy.,
ROT-139,Rot,REVIEW,orphan-file,registry/purple-rain/library/slider.tsx,registry/purple-rain/library/slider.tsx,,medium,15,660,"No resolved static inbound import was found. The file is not a detected package or conventional entry point. Repository text contains possible references: registry/purple-rain/library/slider, registry/purple-rain/library/slider.tsx, slider, slider.tsx.",Not proven against a green baseline in a disposable copy.,
ROT-140,Rot,REVIEW,orphan-file,registry/purple-rain/library/snackbar.tsx,registry/purple-rain/library/snackbar.tsx,,medium,15,885,"No resolved static inbound import was found. The file is not a detected package or conventional entry point. Repository text contains possible references: registry/purple-rain/library/snackbar, registry/purple-rain/library/snackbar.tsx, snackbar, snackbar.tsx.",Not proven against a green baseline in a disposable copy.,
ROT-141,Rot,REVIEW,orphan-file,registry/purple-rain/library/spacing-guide.tsx,registry/purple-rain/library/spacing-guide.tsx,,medium,15,607,"No resolved static inbound import was found. The file is not a detected package or conventional entry point. Repository text contains possible references: registry/purple-rain/library/spacing-guide, registry/purple-rain/library/spacing-guide.tsx, spacing-guide, spacing-guide.tsx.",Not proven against a green baseline in a disposable copy.,
ROT-142,Rot,REVIEW,orphan-file,registry/purple-rain/library/spinner.tsx,registry/purple-rain/library/spinner.tsx,,medium,15,696,"No resolved static inbound import was found. The file is not a detected package or conventional entry point. Repository text contains possible references: registry/purple-rain/library/spinner, registry/purple-rain/library/spinner.tsx, spinner, spinner.tsx.",Not proven against a green baseline in a disposable copy.,
ROT-143,Rot,REVIEW,orphan-file,registry/purple-rain/library/split-button.tsx,registry/purple-rain/library/split-button.tsx,,medium,15,1486,"No resolved static inbound import was found. The file is not a detected package or conventional entry point. Repository text contains possible references: registry/purple-rain/library/split-button, registry/purple-rain/library/split-button.tsx, split-button, split-button.tsx.",Not proven against a green baseline in a disposable copy.,
ROT-144,Rot,REVIEW,orphan-file,registry/purple-rain/library/stack.tsx,registry/purple-rain/library/stack.tsx,,medium,15,541,"No resolved static inbound import was found. The file is not a detected package or conventional entry point. Repository text contains possible references: registry/purple-rain/library/stack, registry/purple-rain/library/stack.tsx, stack, stack.tsx.",Not proven against a green baseline in a disposable copy.,
ROT-145,Rot,REVIEW,orphan-file,registry/purple-rain/library/stat-group.tsx,registry/purple-rain/library/stat-group.tsx,,medium,15,857,"No resolved static inbound import was found. The file is not a detected package or conventional entry point. Repository text contains possible references: registry/purple-rain/library/stat-group, registry/purple-rain/library/stat-group.tsx, stat-group, stat-group.tsx.",Not proven against a green baseline in a disposable copy.,
ROT-146,Rot,REVIEW,orphan-file,registry/purple-rain/library/stat.tsx,registry/purple-rain/library/stat.tsx,,medium,15,830,"No resolved static inbound import was found. The file is not a detected package or conventional entry point. Repository text contains possible references: registry/purple-rain/library/stat, registry/purple-rain/library/stat.tsx, stat, stat.tsx.",Not proven against a green baseline in a disposable copy.,
ROT-147,Rot,REVIEW,orphan-file,registry/purple-rain/library/status-dot.tsx,registry/purple-rain/library/status-dot.tsx,,medium,15,894,"No resolved static inbound import was found. The file is not a detected package or conventional entry point. Repository text contains possible references: registry/purple-rain/library/status-dot, registry/purple-rain/library/status-dot.tsx, status-dot, status-dot.tsx.",Not proven against a green baseline in a disposable copy.,
ROT-148,Rot,REVIEW,orphan-file,registry/purple-rain/library/stepper.tsx,registry/purple-rain/library/stepper.tsx,,medium,18,929,"No resolved static inbound import was found. The file is not a detected package or conventional entry point. Repository text contains possible references: registry/purple-rain/library/stepper, registry/purple-rain/library/stepper.tsx, stepper, stepper.tsx.",Not proven against a green baseline in a disposable copy.,
ROT-149,Rot,REVIEW,orphan-file,registry/purple-rain/library/success-state.tsx,registry/purple-rain/library/success-state.tsx,,medium,15,694,"No resolved static inbound import was found. The file is not a detected package or conventional entry point. Repository text contains possible references: registry/purple-rain/library/success-state, registry/purple-rain/library/success-state.tsx, success-state, success-state.tsx.",Not proven against a green baseline in a disposable copy.,
ROT-150,Rot,REVIEW,orphan-file,registry/purple-rain/library/surface.tsx,registry/purple-rain/library/surface.tsx,,medium,15,794,"No resolved static inbound import was found. The file is not a detected package or conventional entry point. Repository text contains possible references: registry/purple-rain/library/surface, registry/purple-rain/library/surface.tsx, surface, surface.tsx.",Not proven against a green baseline in a disposable copy.,
ROT-151,Rot,REVIEW,orphan-file,registry/purple-rain/library/switch.tsx,registry/purple-rain/library/switch.tsx,,medium,15,784,"No resolved static inbound import was found. The file is not a detected package or conventional entry point. Repository text contains possible references: registry/purple-rain/library/switch, registry/purple-rain/library/switch.tsx, switch, switch.tsx.",Not proven against a green baseline in a disposable copy.,
ROT-152,Rot,REVIEW,orphan-file,registry/purple-rain/library/table-of-contents.tsx,registry/purple-rain/library/table-of-contents.tsx,,medium,15,940,"No resolved static inbound import was found. The file is not a detected package or conventional entry point. Repository text contains possible references: registry/purple-rain/library/table-of-contents, registry/purple-rain/library/table-of-contents.tsx, table-of-contents, table-of-contents.tsx.",Not proven against a green baseline in a disposable copy.,
ROT-153,Rot,REVIEW,orphan-file,registry/purple-rain/library/table.tsx,registry/purple-rain/library/table.tsx,,medium,15,776,"No resolved static inbound import was found. The file is not a detected package or conventional entry point. Repository text contains possible references: registry/purple-rain/library/table, registry/purple-rain/library/table.tsx, table, table.tsx.",Not proven against a green baseline in a disposable copy.,
ROT-154,Rot,REVIEW,orphan-file,registry/purple-rain/library/tabs.tsx,registry/purple-rain/library/tabs.tsx,,medium,18,911,"No resolved static inbound import was found. The file is not a detected package or conventional entry point. Repository text contains possible references: registry/purple-rain/library/tabs, registry/purple-rain/library/tabs.tsx, tabs, tabs.tsx.",Not proven against a green baseline in a disposable copy.,
ROT-155,Rot,REVIEW,orphan-file,registry/purple-rain/library/textarea.tsx,registry/purple-rain/library/textarea.tsx,,medium,15,840,"No resolved static inbound import was found. The file is not a detected package or conventional entry point. Repository text contains possible references: registry/purple-rain/library/textarea, registry/purple-rain/library/textarea.tsx, textarea, textarea.tsx.",Not proven against a green baseline in a disposable copy.,
ROT-156,Rot,REVIEW,orphan-file,registry/purple-rain/library/time-input.tsx,registry/purple-rain/library/time-input.tsx,,medium,15,856,"No resolved static inbound import was found. The file is not a detected package or conventional entry point. Repository text contains possible references: registry/purple-rain/library/time-input, registry/purple-rain/library/time-input.tsx, time-input, time-input.tsx.",Not proven against a green baseline in a disposable copy.,
ROT-157,Rot,REVIEW,orphan-file,registry/purple-rain/library/timeline.tsx,registry/purple-rain/library/timeline.tsx,,medium,15,679,"No resolved static inbound import was found. The file is not a detected package or conventional entry point. Repository text contains possible references: registry/purple-rain/library/timeline, registry/purple-rain/library/timeline.tsx, timeline, timeline.tsx.",Not proven against a green baseline in a disposable copy.,
ROT-158,Rot,REVIEW,orphan-file,registry/purple-rain/library/toast.tsx,registry/purple-rain/library/toast.tsx,,medium,15,867,"No resolved static inbound import was found. The file is not a detected package or conventional entry point. Repository text contains possible references: registry/purple-rain/library/toast, registry/purple-rain/library/toast.tsx, toast, toast.tsx.",Not proven against a green baseline in a disposable copy.,
ROT-159,Rot,REVIEW,orphan-file,registry/purple-rain/library/toggle-button.tsx,registry/purple-rain/library/toggle-button.tsx,,medium,18,1166,"No resolved static inbound import was found. The file is not a detected package or conventional entry point. Repository text contains possible references: registry/purple-rain/library/toggle-button, registry/purple-rain/library/toggle-button.tsx, toggle-button, toggle-button.tsx.",Not proven against a green baseline in a disposable copy.,
ROT-160,Rot,REVIEW,orphan-file,registry/purple-rain/library/toggle-group.tsx,registry/purple-rain/library/toggle-group.tsx,,medium,18,1098,"No resolved static inbound import was found. The file is not a detected package or conventional entry point. Repository text contains possible references: registry/purple-rain/library/toggle-group, registry/purple-rain/library/toggle-group.tsx, toggle-group, toggle-group.tsx.",Not proven against a green baseline in a disposable copy.,
ROT-161,Rot,REVIEW,orphan-file,registry/purple-rain/library/toolbar.tsx,registry/purple-rain/library/toolbar.tsx,,medium,18,1071,"No resolved static inbound import was found. The file is not a detected package or conventional entry point. Repository text contains possible references: registry/purple-rain/library/toolbar, registry/purple-rain/library/toolbar.tsx, toolbar, toolbar.tsx.",Not proven against a green baseline in a disposable copy.,
ROT-162,Rot,REVIEW,orphan-file,registry/purple-rain/library/tooltip.tsx,registry/purple-rain/library/tooltip.tsx,,medium,15,1222,"No resolved static inbound import was found. The file is not a detected package or conventional entry point. Repository text contains possible references: registry/purple-rain/library/tooltip, registry/purple-rain/library/tooltip.tsx, tooltip, tooltip.tsx.",Not proven against a green baseline in a disposable copy.,
ROT-163,Rot,REVIEW,orphan-file,registry/purple-rain/library/topbar.tsx,registry/purple-rain/library/topbar.tsx,,medium,15,869,"No resolved static inbound import was found. The file is not a detected package or conventional entry point. Repository text contains possible references: registry/purple-rain/library/topbar, registry/purple-rain/library/topbar.tsx, topbar, topbar.tsx.",Not proven against a green baseline in a disposable copy.,
ROT-164,Rot,REVIEW,orphan-file,registry/purple-rain/library/tree-view.tsx,registry/purple-rain/library/tree-view.tsx,,medium,15,690,"No resolved static inbound import was found. The file is not a detected package or conventional entry point. Repository text contains possible references: registry/purple-rain/library/tree-view, registry/purple-rain/library/tree-view.tsx, tree-view, tree-view.tsx.",Not proven against a green baseline in a disposable copy.,
ROT-165,Rot,REVIEW,orphan-file,registry/purple-rain/library/type-specimen.tsx,registry/purple-rain/library/type-specimen.tsx,,medium,15,632,"No resolved static inbound import was found. The file is not a detected package or conventional entry point. Repository text contains possible references: registry/purple-rain/library/type-specimen, registry/purple-rain/library/type-specimen.tsx, type-specimen, type-specimen.tsx.",Not proven against a green baseline in a disposable copy.,
ROT-166,Rot,REVIEW,orphan-file,registry/purple-rain/library/view-switcher.tsx,registry/purple-rain/library/view-switcher.tsx,,medium,18,962,"No resolved static inbound import was found. The file is not a detected package or conventional entry point. Repository text contains possible references: registry/purple-rain/library/view-switcher, registry/purple-rain/library/view-switcher.tsx, view-switcher, view-switcher.tsx.",Not proven against a green baseline in a disposable copy.,
ROT-002,Rot,REVIEW,orphan-file,components/copy-command.tsx,components/copy-command.tsx,,low,61,1773,No resolved static inbound import was found. The file is not a detected package or conventional entry point.,Not proven against a green baseline in a disposable copy.,
UI-004,UI,KEEP,responsive-layout,"All sixteen route-and-viewport combinations have zero page-level horizontal overflow and zero effective interaction targets below 44 pixels. — /kit, /kit/jade, /kit/os, /kit/shadow · all reviewed sizes · corrected production build",app/kit,,low,0,0,"Production-build browser geometry: sixteen checked combinations, zero failures",Browser-backed observation; source reachability and intended design authority still matter.,Preserve current containment and interaction sizing.
UI-005,UI,KEEP,runtime-quality,The corrected OS page reports no browser warnings or errors after theme interaction. — /kit/os · 390x844 · corrected production build,app/kit,,low,0,0,Production-build browser console: no warnings or errors,Browser-backed observation; source reachability and intended design authority still matter.,Preserve the clean runtime state.
UI-001,UI,KEEP,spacing-rhythm,"The navigation divider and headline now have a 40-pixel line-box gap on compact phone, large phone, and tablet, growing to 64 pixels on desktop. Visual review confirms the navigation and hero read as separate hierarchy levels. — /kit, /kit/jade, /kit/os · all reviewed sizes · corrected production build",app/kit/kit.css,97,low,0,0,"Corrected phone screenshots for Purple Rain, JADE, and OS Corrected desktop OS screenshot Production-build browser geometry across all reviewed sizes",Browser-backed observation; source reachability and intended design authority still matter.,Preserve this deliberate top inset across the three shared kit showrooms.
UI-002,UI,KEEP,responsive-overflow,"The five-theme selector has zero internal overflow at every reviewed size. On a compact phone, Default, Daylight, and Hacker occupy the first row while Ethereal and Paper are centered below; all five are fully inside the viewport, and Paper can be selected. — /kit/os · all reviewed sizes · corrected production build",app/kit/os/os.css,49,low,0,0,"Corrected OS phone and desktop screenshots Production-build browser geometry: pickerOverflow=0 at 390, 430, 768, and 1440 pixels Paper selection proof: exactly one visible Paper control became pressed",Browser-backed observation; source reachability and intended design authority still matter.,Preserve the balanced phone layout and one-row desktop layout.
UI-003,UI,KEEP,touch-target,The Smooth Shadow attribution remains visually quiet while its effective link height is now 44 pixels at every reviewed size. — /kit/shadow · all reviewed sizes · corrected production build,app/kit/shadow/shadow.css,765,low,0,0,"Production-build browser geometry: creditHeight=44 at 390, 430, 768, and 1440 pixels",Browser-backed observation; source reachability and intended design authority still matter.,Preserve the full tap and focus area.
